図鑑番号,アイテム名,カテゴリ,調査状況,入手方法・補足,売値,出典URL,備考
1,アスパラガスの種,種・苗,確定,,,https://gamerch.com/honogurashinoniwa/1001537,
2,タマネギの種,種・苗,確定,,,https://gamerch.com/honogurashinoniwa/1001537,
3,エンドウ豆の種,種・苗,確定,,,https://gamerch.com/honogurashinoniwa/1001537,
4,カブの種,種・苗,確定,,,https://gamerch.com/honogurashinoniwa/1001537,
5,ジャガイモの種,種・苗,確定,,,https://gamerch.com/honogurashinoniwa/1001537,
6,ラディッシュの種,種・苗,確定,,,https://gamerch.com/honogurashinoniwa/1001537,
7,キャベツの種,種・苗,確定,,,https://gamerch.com/honogurashinoniwa/1001537,
8,レタスの種,種・苗,確定,,,https://gamerch.com/honogurashinoniwa/1001537,
9,ニンジンの種,種・苗,確定,,,https://gamerch.com/honogurashinoniwa/1001537,
10,イチゴの種,種・苗,確定,,,https://gamerch.com/honogurashinoniwa/1001537,
11,白ネギの種,種・苗,確定,,,https://gamerch.com/honogurashinoniwa/1001537,
12,トマトの種,種・苗,確定,,,https://gamerch.com/honogurashinoniwa/1001537,
13,ナスの種,種・苗,確定,,,https://gamerch.com/honogurashinoniwa/1001537,
14,ピーマンの種,種・苗,確定,,,https://gamerch.com/honogurashinoniwa/1001537,
15,カボチャの種,種・苗,確定,,,https://gamerch.com/honogurashinoniwa/1001537,
16,キュウリの種,種・苗,確定,,,https://gamerch.com/honogurashinoniwa/1001537,
17,トウモロコシの種,種・苗,確定,,,https://gamerch.com/honogurashinoniwa/1001537,
18,ショウガの種,種・苗,確定,,,https://gamerch.com/honogurashinoniwa/1001537,
19,ニンニクの種,種・苗,確定,,,https://gamerch.com/honogurashinoniwa/1001537,
20,スイカの種,種・苗,確定,,,https://gamerch.com/honogurashinoniwa/1001537,
21,メロンの種,種・苗,確定,,,https://gamerch.com/honogurashinoniwa/1001537,
22,パイナップルの種,種・苗,確定,,,https://gamerch.com/honogurashinoniwa/1001537,
23,ブルーベリーの種,種・苗,確定,,,https://gamerch.com/honogurashinoniwa/1001537,
24,小麦の種,種・苗,確定,,,https://gamerch.com/honogurashinoniwa/1001537,
25,ホップの種,種・苗,確定,,,https://gamerch.com/honogurashinoniwa/1001537,
26,サトウキビの種,種・苗,確定,,,https://gamerch.com/honogurashinoniwa/1001537,
27,エダマメの種,種・苗,確定,,,https://gamerch.com/honogurashinoniwa/1001537,
28,ソバの種,種・苗,確定,,,https://gamerch.com/honogurashinoniwa/1001537,
29,サトイモの種,種・苗,確定,,,https://gamerch.com/honogurashinoniwa/1001537,
30,サツマイモの種,種・苗,確定,,,https://gamerch.com/honogurashinoniwa/1001537,
31,シイタケの栽培キット,種・苗,確定,,,https://gamerch.com/honogurashinoniwa/1001537,
32,シメジの栽培キット,種・苗,確定,,,https://gamerch.com/honogurashinoniwa/1001537,
33,キクラゲの栽培キット,種・苗,確定,,,https://gamerch.com/honogurashinoniwa/1001537,
34,オリーブの種,種・苗,確定,,,https://gamerch.com/honogurashinoniwa/1001537,
35,ゴマの種,種・苗,確定,,,https://gamerch.com/honogurashinoniwa/1001537,
36,ハクサイの種,種・苗,確定,,,https://gamerch.com/honogurashinoniwa/1001537,
37,ダイコンの種,種・苗,確定,,,https://gamerch.com/honogurashinoniwa/1001537,
38,ホウレンソウの種,種・苗,確定,,,https://gamerch.com/honogurashinoniwa/1001537,
39,お茶の木の苗,種・苗,確定,,,https://gamerch.com/honogurashinoniwa/1001537,
40,桑の木の苗,種・苗,確定,,,https://gamerch.com/honogurashinoniwa/1001537,
41,お米の苗,種・苗,確定,,,https://gamerch.com/honogurashinoniwa/1001537,
42,ワサビの苗,種・苗,確定,,,https://gamerch.com/honogurashinoniwa/1001537,
43,レンコンの苗,種・苗,確定,,,https://gamerch.com/honogurashinoniwa/1001537,
44,カモミールの種,種・苗,確定,,,https://gamerch.com/honogurashinoniwa/1001537,
45,ヒヤシンスの種,種・苗,確定,,,https://gamerch.com/honogurashinoniwa/1001537,
46,アヤメの種,種・苗,確定,,,https://gamerch.com/honogurashinoniwa/1001537,
47,チューリップの種,種・苗,確定,,,https://gamerch.com/honogurashinoniwa/1001537,
48,なでしこの種,種・苗,確定,,,https://gamerch.com/honogurashinoniwa/1001537,
49,ポピーの種,種・苗,確定,,,https://gamerch.com/honogurashinoniwa/1001537,
50,勿忘草の種,種・苗,確定,,,https://gamerch.com/honogurashinoniwa/1001537,
51,カーネーションの種,種・苗,確定,,,https://gamerch.com/honogurashinoniwa/1001537,
52,水芭蕉の種,種・苗,確定,,,https://gamerch.com/honogurashinoniwa/1001537,
53,アサガオの種,種・苗,確定,,,https://gamerch.com/honogurashinoniwa/1001537,
54,カスミソウの種,種・苗,確定,,,https://gamerch.com/honogurashinoniwa/1001537,
55,マリーゴールドの種,種・苗,確定,,,https://gamerch.com/honogurashinoniwa/1001537,
56,スズランの種,種・苗,確定,,,https://gamerch.com/honogurashinoniwa/1001537,
57,ハイビスカスの種,種・苗,確定,,,https://gamerch.com/honogurashinoniwa/1001537,
58,バラの種,種・苗,確定,,,https://gamerch.com/honogurashinoniwa/1001537,
59,ヒマワリの種,種・苗,確定,,,https://gamerch.com/honogurashinoniwa/1001537,
60,ラベンダーの種,種・苗,確定,,,https://gamerch.com/honogurashinoniwa/1001537,
61,ダリアの種,種・苗,確定,,,https://gamerch.com/honogurashinoniwa/1001537,
62,コスモスの種,種・苗,確定,,,https://gamerch.com/honogurashinoniwa/1001537,
63,キクの種,種・苗,確定,,,https://gamerch.com/honogurashinoniwa/1001537,
64,スイセンの種,種・苗,確定,,,https://gamerch.com/honogurashinoniwa/1001537,
65,パンジーの種,種・苗,確定,,,https://gamerch.com/honogurashinoniwa/1001537,
66,ローズマリーの種,種・苗,確定,,,https://gamerch.com/honogurashinoniwa/1001537,
67,サクランボの苗木,種・苗,確定,,,https://gamerch.com/honogurashinoniwa/1001537,
68,梅の苗木,種・苗,確定,,,https://gamerch.com/honogurashinoniwa/1001537,
69,モモの苗木,種・苗,確定,,,https://gamerch.com/honogurashinoniwa/1001537,
70,マンゴーの苗木,種・苗,確定,,,https://gamerch.com/honogurashinoniwa/1001537,
71,ブドウの苗木,種・苗,確定,,,https://gamerch.com/honogurashinoniwa/1001537,
72,バナナの苗木,種・苗,確定,,,https://gamerch.com/honogurashinoniwa/1001537,
73,カカオの苗木,種・苗,確定,,,https://gamerch.com/honogurashinoniwa/1001537,
74,カキの苗木,種・苗,確定,,,https://gamerch.com/honogurashinoniwa/1001537,
75,ナシの苗木,種・苗,確定,,,https://gamerch.com/honogurashinoniwa/1001537,
76,リンゴの苗木,種・苗,確定,,,https://gamerch.com/honogurashinoniwa/1001537,
77,ミカンの苗木,種・苗,確定,,,https://gamerch.com/honogurashinoniwa/1001537,
78,レモンの苗木,種・苗,確定,,,https://gamerch.com/honogurashinoniwa/1001537,
79,ユズの苗木,種・苗,確定,,,https://gamerch.com/honogurashinoniwa/1001537,
80,泥の種,種・苗,確定,,,https://gamerch.com/honogurashinoniwa/1001537,
81,木材,素材,確定,,3,https://gamerch.com/honogurashinoniwa/1001539,
82,扱いやすい木材,素材,確定,,3,https://gamerch.com/honogurashinoniwa/1001539,
83,堅い木材,素材,確定,,3,https://gamerch.com/honogurashinoniwa/1001539,
84,竹,素材,確定,,3,https://gamerch.com/honogurashinoniwa/1001539,
85,石材,素材,確定,,3,https://gamerch.com/honogurashinoniwa/1001539,
86,重い石材,素材,確定,,3,https://gamerch.com/honogurashinoniwa/1001539,
87,堅い石材,素材,確定,,3,https://gamerch.com/honogurashinoniwa/1001539,
88,石炭,素材,確定,,3,https://gamerch.com/honogurashinoniwa/1001539,
89,粘土,素材,確定,,1,https://gamerch.com/honogurashinoniwa/1001539,
90,苔,素材,確定,,3,https://gamerch.com/honogurashinoniwa/1001539,
91,雑草,素材,確定,,0,https://gamerch.com/honogurashinoniwa/1001539,
92,銅鉱石,素材,確定,,5,https://gamerch.com/honogurashinoniwa/1001539,
93,鉄鉱石,素材,確定,,12,https://gamerch.com/honogurashinoniwa/1001539,
94,金鉱石,素材,確定,,20,https://gamerch.com/honogurashinoniwa/1001539,
95,隕鉄,素材,確定,,30,https://gamerch.com/honogurashinoniwa/1001539,
96,岩塩,素材,確定,,3,https://gamerch.com/honogurashinoniwa/1001539,
97,ガラス片,素材,確定,,4,https://gamerch.com/honogurashinoniwa/1001539,
98,ふきのとう,採取物,確定,,37,https://gamerch.com/honogurashinoniwa/1001223,
99,ミツバ,採取物,確定,,37,https://gamerch.com/honogurashinoniwa/1001223,
100,タラの芽,採取物,確定,,45,https://gamerch.com/honogurashinoniwa/1001223,
101,ワラビ,採取物,確定,,22,https://gamerch.com/honogurashinoniwa/1001223,
102,つくし,採取物,確定,,15,https://gamerch.com/honogurashinoniwa/1001223,
103,タンポポ,採取物,確定,,10,https://gamerch.com/honogurashinoniwa/1001223,
104,ホテイアオイ,採取物,確定,,10,https://gamerch.com/honogurashinoniwa/1001223,
105,カブトムシ,採取物,確定,,600,https://gamerch.com/honogurashinoniwa/1001223,
106,クワガタムシ,採取物,確定,,600,https://gamerch.com/honogurashinoniwa/1001223,
107,ヤマモモ,採取物,確定,,22,https://gamerch.com/honogurashinoniwa/1001223,
108,キイチゴ,採取物,確定,,22,https://gamerch.com/honogurashinoniwa/1001223,
109,ササノコ,採取物,確定,,3,https://gamerch.com/honogurashinoniwa/1001223,
110,ユリ,採取物,確定,,15,https://gamerch.com/honogurashinoniwa/1001223,
111,ユリ根,採取物,確定,,45,https://gamerch.com/honogurashinoniwa/1001223,
112,ビワ,採取物,確定,,45,https://gamerch.com/honogurashinoniwa/1001223,
113,彼岸花,採取物,確定,,22,https://gamerch.com/honogurashinoniwa/1001223,
114,アケビ,採取物,確定,,22,https://gamerch.com/honogurashinoniwa/1001223,
115,ギンナン,採取物,確定,,30,https://gamerch.com/honogurashinoniwa/1001223,
116,山椒,採取物,確定,,30,https://gamerch.com/honogurashinoniwa/1001223,
117,自然薯,採取物,確定,,75,https://gamerch.com/honogurashinoniwa/1001223,
118,クルミ,採取物,確定,,30,https://gamerch.com/honogurashinoniwa/1001223,
119,マツタケ,採取物,確定,,300,https://gamerch.com/honogurashinoniwa/1001223,
120,クコの実,採取物,確定,,30,https://gamerch.com/honogurashinoniwa/1001223,
121,フユイチゴ,採取物,確定,,22,,手入力
122,タケノコ,採取物,確定,,75,,手入力
123,まつぼっくり,採取物,確定,,5,,手入力
124,ドングリ,採取物,確定,,5,,手入力
125,クリ,採取物,確定,,5,,手入力
126,スギの実,採取物,確定,,5,,手入力
127,ヒノキの実,採取物,確定,,5,,手入力
128,竹の樹液,採取物,確定,,15,https://gamerch.com/honogurashinoniwa/1001223,
129,マツ脂,採取物,確定,,15,https://gamerch.com/honogurashinoniwa/1001223,
130,酸っぱい樹液,採取物,確定,,15,https://gamerch.com/honogurashinoniwa/1001223,
131,甘い樹液,採取物,確定,,14,https://gamerch.com/honogurashinoniwa/1001223,
132,ねばねば樹液,採取物,確定,,15,https://gamerch.com/honogurashinoniwa/1001223,
133,いい香りの樹液,採取物,確定,,15,https://gamerch.com/honogurashinoniwa/1001223,
134,カシワの葉,採取物,確定,,5,https://gamerch.com/honogurashinoniwa/1001223,
135,草の実,採取物,確定,,0,https://gamerch.com/honogurashinoniwa/1001223,
136,草の根,採取物,確定,,0,https://gamerch.com/honogurashinoniwa/1001223,
137,埋められたコイン,採取物,確定,,0,https://gamerch.com/honogurashinoniwa/1001223,
138,イノシシのウンチ,採取物,確定,,0,https://gamerch.com/honogurashinoniwa/1001223,
139,シカのウンチ,採取物,確定,,,https://gamerch.com/honogurashinoniwa/1001223,
140,アスパラガス,作物,確定,,,https://gamerch.com/honogurashinoniwa/1000709,
141,タマネギ,作物,確定,,,https://gamerch.com/honogurashinoniwa/1000709,
142,サヤエンドウ,作物,確定,,,https://gamerch.com/honogurashinoniwa/1000709,
143,エンドウ豆,作物,確定,,,https://gamerch.com/honogurashinoniwa/1000709,
144,カブ,作物,確定,,,https://gamerch.com/honogurashinoniwa/1000709,
145,ジャガイモ,作物,確定,,,https://gamerch.com/honogurashinoniwa/1000709,
146,ラディッシュ,作物,確定,,,https://gamerch.com/honogurashinoniwa/1000709,
147,キャベツ,作物,確定,,,https://gamerch.com/honogurashinoniwa/1000709,
148,レタス,作物,確定,,,https://gamerch.com/honogurashinoniwa/1000709,
149,ニンジン,作物,確定,,,https://gamerch.com/honogurashinoniwa/1000709,
150,イチゴ,作物,確定,,,https://gamerch.com/honogurashinoniwa/1000709,
151,白ネギ,作物,確定,,,https://gamerch.com/honogurashinoniwa/1000709,
152,トマト,作物,確定,,,https://gamerch.com/honogurashinoniwa/1000709,
153,ナス,作物,確定,,,https://gamerch.com/honogurashinoniwa/1000709,
154,ピーマン,作物,確定,,,https://gamerch.com/honogurashinoniwa/1000709,
155,カボチャ,作物,確定,,,https://gamerch.com/honogurashinoniwa/1000709,
156,キュウリ,作物,確定,,,https://gamerch.com/honogurashinoniwa/1000709,
157,トウモロコシ,作物,確定,,,https://gamerch.com/honogurashinoniwa/1000709,
158,ショウガ,作物,確定,,,https://gamerch.com/honogurashinoniwa/1000709,
159,ニンニク,作物,確定,,,https://gamerch.com/honogurashinoniwa/1000709,
160,スイカ,作物,確定,,,https://gamerch.com/honogurashinoniwa/1000709,
161,メロン,作物,確定,,,https://gamerch.com/honogurashinoniwa/1000709,
162,パイナップル,作物,確定,,,https://gamerch.com/honogurashinoniwa/1000709,
163,ブルーベリー,作物,確定,,,https://gamerch.com/honogurashinoniwa/1000709,
164,小麦,作物,確定,,,,手入力
165,ホップ,作物,確定,,,,手入力
166,サトウキビ,作物,確定,,,,手入力
167,もやし,作物,確定,,,,手入力
168,エダマメ,作物,確定,,,,手入力
169,大豆,作物,確定,,,,手入力
170,ソバ,作物,確定,,,,手入力
171,サトイモ,作物,確定,,,,手入力
172,サツマイモ,作物,確定,,,,手入力
173,シイタケ,作物,確定,,,,手入力
174,シメジ,作物,確定,,,,手入力
175,キクラゲ,作物,確定,,,,手入力
176,オリーブ,作物,確定,,,,手入力
177,ゴマ,作物,確定,,,https://gamerch.com/honogurashinoniwa/1000709,
178,ハクサイ,作物,確定,,,https://gamerch.com/honogurashinoniwa/1000709,
179,ダイコン,作物,確定,,,https://gamerch.com/honogurashinoniwa/1000709,
180,ホウレンソウ,作物,確定,,,https://gamerch.com/honogurashinoniwa/1000709,
181,お茶,作物,確定,,,https://gamerch.com/honogurashinoniwa/1000709,
182,桑の葉,作物,確定,,,https://gamerch.com/honogurashinoniwa/1000709,
183,桑の実,作物,確定,,,https://gamerch.com/honogurashinoniwa/1000709,
184,お米,作物,確定,,,https://gamerch.com/honogurashinoniwa/1000709,
185,ワサビ,作物,確定,,,https://gamerch.com/honogurashinoniwa/1000709,
186,レンコン,作物,確定,,,https://gamerch.com/honogurashinoniwa/1000709,
187,祟られタマネギ,祟られ作物,確定,,,https://gamerch.com/honogurashinoniwa/1002142,
188,祟られカブ,祟られ作物,確定,,,https://gamerch.com/honogurashinoniwa/1002142,
189,祟られキャベツ,祟られ作物,確定,,,https://gamerch.com/honogurashinoniwa/1002142,
190,祟られイチゴ,祟られ作物,確定,,,https://gamerch.com/honogurashinoniwa/1002142,
191,祟られ白ネギ,祟られ作物,確定,,,https://gamerch.com/honogurashinoniwa/1002142,
192,祟られトマト,祟られ作物,確定,,,https://gamerch.com/honogurashinoniwa/1002142,
193,祟られキュウリ,祟られ作物,確定,,,https://gamerch.com/honogurashinoniwa/1002142,
194,祟られトウモロコシ,祟られ作物,確定,,,https://gamerch.com/honogurashinoniwa/1002142,
195,祟られショウガ,祟られ作物,確定,,,https://gamerch.com/honogurashinoniwa/1002142,
196,祟られスイカ,祟られ作物,確定,,,https://gamerch.com/honogurashinoniwa/1002142,
197,祟られ小麦,祟られ作物,確定,,,https://gamerch.com/honogurashinoniwa/1002142,
198,祟られソバ,祟られ作物,確定,,,https://gamerch.com/honogurashinoniwa/1002142,
199,祟られサトイモ,祟られ作物,確定,,,https://gamerch.com/honogurashinoniwa/1002142,
200,祟られ大豆,祟られ作物,確定,,,https://gamerch.com/honogurashinoniwa/1002142,
201,祟られオリーブ,祟られ作物,確定,,,https://gamerch.com/honogurashinoniwa/1002142,
202,祟られハクサイ,祟られ作物,確定,,,https://gamerch.com/honogurashinoniwa/1002142,
203,祟られダイコン,祟られ作物,確定,,,,手入力
204,祟られホウレンソウ,祟られ作物,確定,,,,手入力
205,カモミール,花,確定,,,https://gamerch.com/honogurashinoniwa/1001538,
206,ヒヤシンス,花,確定,,,https://gamerch.com/honogurashinoniwa/1001538,
207,アヤメ,花,確定,,,https://gamerch.com/honogurashinoniwa/1001538,
208,チューリップ,花,確定,,,https://gamerch.com/honogurashinoniwa/1001538,
209,なでしこ,花,確定,,,https://gamerch.com/honogurashinoniwa/1001538,
210,ポピー,花,確定,,,https://gamerch.com/honogurashinoniwa/1001538,
211,勿忘草,花,確定,,,https://gamerch.com/honogurashinoniwa/1001538,
212,カーネーション,花,確定,,,https://gamerch.com/honogurashinoniwa/1001538,
213,水芭蕉,花,確定,,,https://gamerch.com/honogurashinoniwa/1001538,
214,アサガオ,花,確定,,,https://gamerch.com/honogurashinoniwa/1001538,
215,カスミソウ,花,確定,,,https://gamerch.com/honogurashinoniwa/1001538,
216,マリーゴールド,花,確定,,,https://gamerch.com/honogurashinoniwa/1001538,
217,スズラン,花,確定,,,https://gamerch.com/honogurashinoniwa/1001538,
218,ハイビスカス,花,確定,,,https://gamerch.com/honogurashinoniwa/1001538,
219,バラ,花,確定,,,https://gamerch.com/honogurashinoniwa/1001538,
220,ヒマワリ,花,確定,,,https://gamerch.com/honogurashinoniwa/1001538,
221,ラベンダー,花,確定,,,https://gamerch.com/honogurashinoniwa/1001538,
222,ダリア,花,確定,,,https://gamerch.com/honogurashinoniwa/1001538,
223,コスモス,花,確定,,,https://gamerch.com/honogurashinoniwa/1001538,
224,キク,花,確定,,,https://gamerch.com/honogurashinoniwa/1001538,
225,スイセン,花,確定,,,https://gamerch.com/honogurashinoniwa/1001538,
226,パンジー,花,確定,,,https://gamerch.com/honogurashinoniwa/1001538,
227,ローズマリー,花,確定,,,https://gamerch.com/honogurashinoniwa/1001538,
228,サクランボ,果実,確定,,,https://gamerch.com/honogurashinoniwa/1002243,
229,梅,果実,確定,,,https://gamerch.com/honogurashinoniwa/1002243,
230,モモ,果実,確定,,,https://gamerch.com/honogurashinoniwa/1002243,
231,マンゴー,果実,確定,,,https://gamerch.com/honogurashinoniwa/1002243,
232,バナナ,果実,確定,,,https://gamerch.com/honogurashinoniwa/1002243,
233,カカオ,果実,確定,,,https://gamerch.com/honogurashinoniwa/1002243,
234,ブドウ,果実,確定,,,https://gamerch.com/honogurashinoniwa/1002243,
235,カキ,果実,確定,,,https://gamerch.com/honogurashinoniwa/1002243,
236,ナシ,果実,確定,,,https://gamerch.com/honogurashinoniwa/1002243,
237,リンゴ,果実,確定,,,https://gamerch.com/honogurashinoniwa/1002243,
238,ミカン,果実,確定,,,https://gamerch.com/honogurashinoniwa/1002243,
239,レモン,果実,確定,,,https://gamerch.com/honogurashinoniwa/1002243,
240,ユズ,果実,確定,,,https://gamerch.com/honogurashinoniwa/1002243,
241,タマゴ,畜産品,確定,,,https://gamerch.com/honogurashinoniwa/1001638,
242,アヒルのタマゴ,畜産品,確定,,,https://gamerch.com/honogurashinoniwa/1001638,
243,七面鳥のタマゴ,畜産品,確定,,,https://gamerch.com/honogurashinoniwa/1001638,
244,牛乳,畜産品,確定,,,https://gamerch.com/honogurashinoniwa/1001638,
245,ヤギミルク,畜産品,確定,,,https://gamerch.com/honogurashinoniwa/1001638,
246,羊毛,畜産品,確定,,,https://gamerch.com/honogurashinoniwa/1001638,
247,カシミヤ,畜産品,確定,,,https://gamerch.com/honogurashinoniwa/1001638,
248,トリュフ,畜産品,確定,,,https://gamerch.com/honogurashinoniwa/1001638,
249,馬尾,畜産品,確定,,,https://gamerch.com/honogurashinoniwa/1001638,
250,鳥の羽毛,畜産品,確定,,,https://gamerch.com/honogurashinoniwa/1001638,
251,牛肉,畜産品,確定,,,https://gamerch.com/honogurashinoniwa/1001638,
252,ヤギ肉,畜産品,確定,,,https://gamerch.com/honogurashinoniwa/1001638,
253,鶏肉,畜産品,確定,,,https://gamerch.com/honogurashinoniwa/1001638,
254,ターキー,畜産品,確定,,,https://gamerch.com/honogurashinoniwa/1001638,
255,豚肉,畜産品,確定,,,https://gamerch.com/honogurashinoniwa/1001638,
256,ラム肉,畜産品,確定,,,https://gamerch.com/honogurashinoniwa/1001638,
257,馬肉,畜産品,確定,,,https://gamerch.com/honogurashinoniwa/1001638,
258,牛皮,畜産品,確定,,,https://gamerch.com/honogurashinoniwa/1001638,
259,牛角,畜産品,確定,,,https://gamerch.com/honogurashinoniwa/1001638,
260,ヤギ角,畜産品,確定,,,https://gamerch.com/honogurashinoniwa/1001638,
261,カシミヤ角,畜産品,確定,,,https://gamerch.com/honogurashinoniwa/1001638,
262,豚皮,畜産品,確定,,,https://gamerch.com/honogurashinoniwa/1001638,
263,馬蹄,畜産品,確定,,,https://gamerch.com/honogurashinoniwa/1001638,
264,ニワトリの尾羽根,畜産品,確定,,,https://gamerch.com/honogurashinoniwa/1001638,
265,アヒルの白羽,畜産品,確定,,,https://gamerch.com/honogurashinoniwa/1001638,
266,七面鳥の尾羽根,畜産品,確定,,,https://gamerch.com/honogurashinoniwa/1001638,
267,モチ,加工品,確定,,,https://gamerch.com/honogurashinoniwa/1002287,
268,アスパラガスの漬物,加工品,確定,,,https://gamerch.com/honogurashinoniwa/1002287,
269,タマネギの漬物,加工品,確定,,,https://gamerch.com/honogurashinoniwa/1002287,
270,サヤエンドウの漬物,加工品,確定,,,https://gamerch.com/honogurashinoniwa/1002287,
271,エンドウ豆の漬物,加工品,確定,,,https://gamerch.com/honogurashinoniwa/1002287,
272,カブの漬物,加工品,確定,,,https://gamerch.com/honogurashinoniwa/1002287,
273,ジャガイモの漬物,加工品,確定,,,https://gamerch.com/honogurashinoniwa/1002287,
274,ラディッシュの漬物,加工品,確定,,,https://gamerch.com/honogurashinoniwa/1002287,
275,キャベツの漬物,加工品,確定,,,https://gamerch.com/honogurashinoniwa/1002287,
276,レタスの漬物,加工品,確定,,,https://gamerch.com/honogurashinoniwa/1002287,
277,ニンジンの漬物,加工品,確定,,,https://gamerch.com/honogurashinoniwa/1002287,
278,白ネギの漬物,加工品,確定,,,https://gamerch.com/honogurashinoniwa/1002287,
279,トマトの漬物,加工品,確定,,,,手入力
280,ナスの漬物,加工品,確定,,,,手入力
281,ピーマンの漬物,加工品,確定,,,,手入力
282,カボチャの漬物,加工品,確定,,,,手入力
283,キュウリの漬物,加工品,確定,,,,手入力
284,トウモロコシの漬物,加工品,確定,,,,手入力
285,ショウガの漬物,加工品,確定,,,,手入力
286,ニンニクの漬物,加工品,確定,,,,手入力
287,もやしの漬物,加工品,確定,,,,手入力
288,エダマメの漬物,加工品,確定,,,,手入力
289,サトイモの漬物,加工品,確定,,,,手入力
290,サツマイモの漬物,加工品,確定,,,,手入力
291,シイタケの漬物,加工品,確定,,,,手入力
292,シメジの漬物,加工品,確定,,,,手入力
293,キクラゲの漬物,加工品,確定,,,https://gamerch.com/honogurashinoniwa/1002287,
294,オリーブの漬物,加工品,確定,,,https://gamerch.com/honogurashinoniwa/1002287,
295,ハクサイの漬物,加工品,確定,,,https://gamerch.com/honogurashinoniwa/1002287,
296,ダイコンの漬物,加工品,確定,,,https://gamerch.com/honogurashinoniwa/1002287,
297,ホウレンソウの漬物,加工品,確定,,,https://gamerch.com/honogurashinoniwa/1002287,
298,ワサビの漬物,加工品,確定,,,https://gamerch.com/honogurashinoniwa/1002287,
299,レンコンの漬物,加工品,確定,,,https://gamerch.com/honogurashinoniwa/1002287,
300,イチゴジャム,加工品,確定,,,https://gamerch.com/honogurashinoniwa/1002287,
301,スイカジャム,加工品,確定,,,https://gamerch.com/honogurashinoniwa/1002287,
302,メロンジャム,加工品,確定,,,https://gamerch.com/honogurashinoniwa/1002287,
303,ブルーベリージャム,加工品,確定,,,https://gamerch.com/honogurashinoniwa/1002287,
304,パイナップルジャム,加工品,確定,,,https://gamerch.com/honogurashinoniwa/1002287,
305,サクランボジャム,加工品,確定,,,https://gamerch.com/honogurashinoniwa/1002287,
306,,,未特定,,,,2026-08-23時点の公開攻略DBで図鑑番号＋名称を確認できず。家具・収納等の未公開/未整備カテゴリを含む
307,,,未特定,,,,2026-08-23時点の公開攻略DBで図鑑番号＋名称を確認できず。家具・収納等の未公開/未整備カテゴリを含む
308,,,未特定,,,,2026-08-23時点の公開攻略DBで図鑑番号＋名称を確認できず。家具・収納等の未公開/未整備カテゴリを含む
309,,,未特定,,,,2026-08-23時点の公開攻略DBで図鑑番号＋名称を確認できず。家具・収納等の未公開/未整備カテゴリを含む
310,,,未特定,,,,2026-08-23時点の公開攻略DBで図鑑番号＋名称を確認できず。家具・収納等の未公開/未整備カテゴリを含む
311,ナシジャム,加工品,未特定,,,,手入力
312,リンゴジャム,加工品,未特定,,,,手入力
313,,,未特定,,,,2026-08-23時点の公開攻略DBで図鑑番号＋名称を確認できず。家具・収納等の未公開/未整備カテゴリを含む
314,,,未特定,,,,2026-08-23時点の公開攻略DBで図鑑番号＋名称を確認できず。家具・収納等の未公開/未整備カテゴリを含む
315,,,未特定,,,,2026-08-23時点の公開攻略DBで図鑑番号＋名称を確認できず。家具・収納等の未公開/未整備カテゴリを含む
316,,,未特定,,,,2026-08-23時点の公開攻略DBで図鑑番号＋名称を確認できず。家具・収納等の未公開/未整備カテゴリを含む
317,梅干し,加工品,未特定,,,,手入力
318,,,未特定,,,,2026-08-23時点の公開攻略DBで図鑑番号＋名称を確認できず。家具・収納等の未公開/未整備カテゴリを含む
319,納豆,加工品,未特定,,,,手入力
320,ヨーグルト,加工品,未特定,,,,手入力
321,魚醤,加工品,未特定,,,,手入力
322,チーズ,加工品,未特定,,,,手入力
323,生クリーム,加工品,未特定,,,,手入力
324,バター,加工品,未特定,,,,手入力
325,豆腐,加工品,未特定,,,,手入力
326,マヨネーズ,加工品,未特定,,,,手入力
327,アスパラガスの出汁,加工品,未特定,,,,手入力
328,,,未特定,,,,2026-08-23時点の公開攻略DBで図鑑番号＋名称を確認できず。家具・収納等の未公開/未整備カテゴリを含む
329,エンドウ豆の出汁,加工品,未特定,,,,手入力
330,,,未特定,,,,2026-08-23時点の公開攻略DBで図鑑番号＋名称を確認できず。家具・収納等の未公開/未整備カテゴリを含む
331,,,未特定,,,,2026-08-23時点の公開攻略DBで図鑑番号＋名称を確認できず。家具・収納等の未公開/未整備カテゴリを含む
332,ラディッシュの出汁,加工品,未特定,,,,手入力
333,,,未特定,,,,2026-08-23時点の公開攻略DBで図鑑番号＋名称を確認できず。家具・収納等の未公開/未整備カテゴリを含む
334,,,未特定,,,,2026-08-23時点の公開攻略DBで図鑑番号＋名称を確認できず。家具・収納等の未公開/未整備カテゴリを含む
335,ニンジンの出汁,加工品,未特定,,,,手入力
336,,,未特定,,,,2026-08-23時点の公開攻略DBで図鑑番号＋名称を確認できず。家具・収納等の未公開/未整備カテゴリを含む
337,トマトの出汁,加工品,未特定,,,,手入力
338,,,未特定,,,,2026-08-23時点の公開攻略DBで図鑑番号＋名称を確認できず。家具・収納等の未公開/未整備カテゴリを含む
339,,,未特定,,,,2026-08-23時点の公開攻略DBで図鑑番号＋名称を確認できず。家具・収納等の未公開/未整備カテゴリを含む
340,,,未特定,,,,2026-08-23時点の公開攻略DBで図鑑番号＋名称を確認できず。家具・収納等の未公開/未整備カテゴリを含む
341,,,未特定,,,,2026-08-23時点の公開攻略DBで図鑑番号＋名称を確認できず。家具・収納等の未公開/未整備カテゴリを含む
342,,,未特定,,,,2026-08-23時点の公開攻略DBで図鑑番号＋名称を確認できず。家具・収納等の未公開/未整備カテゴリを含む
343,ショウガの出汁,加工品,未特定,,,,手入力
344,,,未特定,,,,2026-08-23時点の公開攻略DBで図鑑番号＋名称を確認できず。家具・収納等の未公開/未整備カテゴリを含む
345,エダマメの出汁,加工品,未特定,,,,手入力
346,,,未特定,,,,2026-08-23時点の公開攻略DBで図鑑番号＋名称を確認できず。家具・収納等の未公開/未整備カテゴリを含む
347,,,未特定,,,,2026-08-23時点の公開攻略DBで図鑑番号＋名称を確認できず。家具・収納等の未公開/未整備カテゴリを含む
348,,,未特定,,,,2026-08-23時点の公開攻略DBで図鑑番号＋名称を確認できず。家具・収納等の未公開/未整備カテゴリを含む
349,,,未特定,,,,2026-08-23時点の公開攻略DBで図鑑番号＋名称を確認できず。家具・収納等の未公開/未整備カテゴリを含む
350,,,未特定,,,,2026-08-23時点の公開攻略DBで図鑑番号＋名称を確認できず。家具・収納等の未公開/未整備カテゴリを含む
351,,,未特定,,,,2026-08-23時点の公開攻略DBで図鑑番号＋名称を確認できず。家具・収納等の未公開/未整備カテゴリを含む
352,ダイコンの出汁,加工品,未特定,,,,手入力
353,,,未特定,,,,2026-08-23時点の公開攻略DBで図鑑番号＋名称を確認できず。家具・収納等の未公開/未整備カテゴリを含む
354,ワサビの出汁,加工品,未特定,,,,手入力
355,,,未特定,,,,2026-08-23時点の公開攻略DBで図鑑番号＋名称を確認できず。家具・収納等の未公開/未整備カテゴリを含む
356,イチゴの蒸留酒,加工品,未特定,,,,手入力
357,,,未特定,,,,2026-08-23時点の公開攻略DBで図鑑番号＋名称を確認できず。家具・収納等の未公開/未整備カテゴリを含む
358,,,未特定,,,,2026-08-23時点の公開攻略DBで図鑑番号＋名称を確認できず。家具・収納等の未公開/未整備カテゴリを含む
359,,,未特定,,,,2026-08-23時点の公開攻略DBで図鑑番号＋名称を確認できず。家具・収納等の未公開/未整備カテゴリを含む
360,,,未特定,,,,2026-08-23時点の公開攻略DBで図鑑番号＋名称を確認できず。家具・収納等の未公開/未整備カテゴリを含む
361,,,未特定,,,,2026-08-23時点の公開攻略DBで図鑑番号＋名称を確認できず。家具・収納等の未公開/未整備カテゴリを含む
362,モモの蒸留酒,加工品,未特定,,,,手入力
363,,,未特定,,,,2026-08-23時点の公開攻略DBで図鑑番号＋名称を確認できず。家具・収納等の未公開/未整備カテゴリを含む
364,,,未特定,,,,2026-08-23時点の公開攻略DBで図鑑番号＋名称を確認できず。家具・収納等の未公開/未整備カテゴリを含む
365,,,未特定,,,,2026-08-23時点の公開攻略DBで図鑑番号＋名称を確認できず。家具・収納等の未公開/未整備カテゴリを含む
366,,,未特定,,,,2026-08-23時点の公開攻略DBで図鑑番号＋名称を確認できず。家具・収納等の未公開/未整備カテゴリを含む
367,ナシの蒸留酒,加工品,未特定,,,,手入力
368,リンゴの蒸留酒,加工品,未特定,,,,手入力
369,ミカンの蒸留酒,加工品,未特定,,,,手入力
370,,,未特定,,,,2026-08-23時点の公開攻略DBで図鑑番号＋名称を確認できず。家具・収納等の未公開/未整備カテゴリを含む
371,,,未特定,,,,2026-08-23時点の公開攻略DBで図鑑番号＋名称を確認できず。家具・収納等の未公開/未整備カテゴリを含む
372,,,未特定,,,,2026-08-23時点の公開攻略DBで図鑑番号＋名称を確認できず。家具・収納等の未公開/未整備カテゴリを含む
373,,,未特定,,,,2026-08-23時点の公開攻略DBで図鑑番号＋名称を確認できず。家具・収納等の未公開/未整備カテゴリを含む
374,梅酒,加工品,未特定,,,,手入力
375,ビール,加工品,未特定,,,,手入力
376,日本酒,加工品,未特定,,,,手入力
377,,,未特定,,,,2026-08-23時点の公開攻略DBで図鑑番号＋名称を確認できず。家具・収納等の未公開/未整備カテゴリを含む
378,芋焼酎,加工品,未特定,,,,手入力
379,熟成肉,加工品,未特定,,,,手入力
380,味噌,加工品,未特定,,,,手入力
381,ドライイチゴ,加工品,未特定,,,,手入力
382,ドライスイカ,加工品,未特定,,,,手入力
383,ドライメロン,加工品,未特定,,,,手入力
384,,,未特定,,,,2026-08-23時点の公開攻略DBで図鑑番号＋名称を確認できず。家具・収納等の未公開/未整備カテゴリを含む
385,ドライブルーベリー,加工品,未特定,,,,手入力
386,ドライサクランボ,加工品,未特定,,,,手入力
387,ドライモモ,加工品,未特定,,,,手入力
388,,,未特定,,,,2026-08-23時点の公開攻略DBで図鑑番号＋名称を確認できず。家具・収納等の未公開/未整備カテゴリを含む
389,,,未特定,,,,2026-08-23時点の公開攻略DBで図鑑番号＋名称を確認できず。家具・収納等の未公開/未整備カテゴリを含む
390,,,未特定,,,,2026-08-23時点の公開攻略DBで図鑑番号＋名称を確認できず。家具・収納等の未公開/未整備カテゴリを含む
391,,,未特定,,,,2026-08-23時点の公開攻略DBで図鑑番号＋名称を確認できず。家具・収納等の未公開/未整備カテゴリを含む
392,ドライナシ,加工品,未特定,,,,手入力
393,ドライリンゴ,加工品,未特定,,,,手入力
394,ドライミカン,加工品,未特定,,,,手入力
395,,,未特定,,,,2026-08-23時点の公開攻略DBで図鑑番号＋名称を確認できず。家具・収納等の未公開/未整備カテゴリを含む
396,,,未特定,,,,2026-08-23時点の公開攻略DBで図鑑番号＋名称を確認できず。家具・収納等の未公開/未整備カテゴリを含む
397,,,未特定,,,,2026-08-23時点の公開攻略DBで図鑑番号＋名称を確認できず。家具・収納等の未公開/未整備カテゴリを含む
398,干し肉,加工品,未特定,,,,手入力
399,,,未特定,,,,2026-08-23時点の公開攻略DBで図鑑番号＋名称を確認できず。家具・収納等の未公開/未整備カテゴリを含む
400,,,未特定,,,,2026-08-23時点の公開攻略DBで図鑑番号＋名称を確認できず。家具・収納等の未公開/未整備カテゴリを含む
401,,,未特定,,,,2026-08-23時点の公開攻略DBで図鑑番号＋名称を確認できず。家具・収納等の未公開/未整備カテゴリを含む
402,,,未特定,,,,2026-08-23時点の公開攻略DBで図鑑番号＋名称を確認できず。家具・収納等の未公開/未整備カテゴリを含む
403,,,未特定,,,,2026-08-23時点の公開攻略DBで図鑑番号＋名称を確認できず。家具・収納等の未公開/未整備カテゴリを含む
404,,,未特定,,,,2026-08-23時点の公開攻略DBで図鑑番号＋名称を確認できず。家具・収納等の未公開/未整備カテゴリを含む
405,そば粉,加工品,未特定,,,,手入力
406,小麦粉,加工品,未特定,,,,手入力
407,抹茶,加工品,未特定,,,,手入力
408,塩,加工品,未特定,,,,手入力
409,砂糖,加工品,未特定,,,,手入力
410,,,未特定,,,,2026-08-23時点の公開攻略DBで図鑑番号＋名称を確認できず。家具・収納等の未公開/未整備カテゴリを含む
411,ソーセージ,加工品,未特定,,,,手入力
412,,,未特定,,,,2026-08-23時点の公開攻略DBで図鑑番号＋名称を確認できず。家具・収納等の未公開/未整備カテゴリを含む
413,,,未特定,,,,2026-08-23時点の公開攻略DBで図鑑番号＋名称を確認できず。家具・収納等の未公開/未整備カテゴリを含む
414,スモークチーズ,加工品,未特定,,,,手入力
415,燻製卵,加工品,未特定,,,,手入力
416,,,未特定,,,,2026-08-23時点の公開攻略DBで図鑑番号＋名称を確認できず。家具・収納等の未公開/未整備カテゴリを含む
417,,,未特定,,,,2026-08-23時点の公開攻略DBで図鑑番号＋名称を確認できず。家具・収納等の未公開/未整備カテゴリを含む
418,油,加工品,未特定,,,,手入力
419,ゴマ油,加工品,未特定,,,,手入力
420,,,未特定,,,,2026-08-23時点の公開攻略DBで図鑑番号＋名称を確認できず。家具・収納等の未公開/未整備カテゴリを含む
421,,,未特定,,,,2026-08-23時点の公開攻略DBで図鑑番号＋名称を確認できず。家具・収納等の未公開/未整備カテゴリを含む
422,醤油,加工品,未特定,,,,手入力
423,,,未特定,,,,2026-08-23時点の公開攻略DBで図鑑番号＋名称を確認できず。家具・収納等の未公開/未整備カテゴリを含む
424,,,未特定,,,,2026-08-23時点の公開攻略DBで図鑑番号＋名称を確認できず。家具・収納等の未公開/未整備カテゴリを含む
425,黄色の染料,加工品,未特定,,,,手入力
426,緑の染料,加工品,未特定,,,,手入力
427,,,未特定,,,,2026-08-23時点の公開攻略DBで図鑑番号＋名称を確認できず。家具・収納等の未公開/未整備カテゴリを含む
428,,,未特定,,,,2026-08-23時点の公開攻略DBで図鑑番号＋名称を確認できず。家具・収納等の未公開/未整備カテゴリを含む
429,,,未特定,,,,2026-08-23時点の公開攻略DBで図鑑番号＋名称を確認できず。家具・収納等の未公開/未整備カテゴリを含む
430,白の染料,加工品,未特定,,,,手入力
431,桃色の染料,加工品,未特定,,,,手入力
432,,,未特定,,,,2026-08-23時点の公開攻略DBで図鑑番号＋名称を確認できず。家具・収納等の未公開/未整備カテゴリを含む
433,ガラス棒,加工品,確定,,,,手入力
434,銅の延べ棒,加工品,確定,,,,手入力
435,鉄の延べ棒,加工品,確定,,,,手入力
436,金の延べ棒,加工品,確定,,,,手入力
437,隕鉄の延べ棒,加工品,確定,,,,手入力
438,レンガ,加工品,確定,,,,手入力
439,木炭,加工品,確定,,,,手入力
440,シルク,加工品,確定,,,,手入力
441,布,加工品,確定,,,,手入力
442,,加工品,確定,,,,手入力
443,生糸,加工品,確定,,,,手入力
444,ハチミツ,加工品,確定,,,,手入力
445,ローヤルゼリー,加工品,確定,,,,手入力
446,カレー粉,調味料,確定,,,https://gamerch.com/honogurashinoniwa/1002288,
447,コンソメ,調味料,推定,,,https://gamerch.com/honogurashinoniwa/1002288,公開DBで図鑑番号0446として重複表示。料理が0448開始のため0447と推定
448,兵糧丸,料理,確定,,,https://gamerch.com/honogurashinoniwa/1002289,
449,素朴な朝食,料理,確定,,,https://gamerch.com/honogurashinoniwa/1002289,
450,だし巻き卵,料理,確定,,,https://gamerch.com/honogurashinoniwa/1002289,
451,ゆでたまご,料理,確定,,,https://gamerch.com/honogurashinoniwa/1002289,
452,スクランブルエッグ,料理,確定,,,https://gamerch.com/honogurashinoniwa/1002289,
453,ソーセージグリル,料理,確定,,,https://gamerch.com/honogurashinoniwa/1002289,
454,バタージャムトースト,料理,確定,,,https://gamerch.com/honogurashinoniwa/1002289,
455,クロワッサン,料理,確定,,,https://gamerch.com/honogurashinoniwa/1002289,
456,マルゲリータピザ,料理,確定,,,https://gamerch.com/honogurashinoniwa/1002289,
457,梅茶漬け,料理,確定,,,https://gamerch.com/honogurashinoniwa/1002289,
458,,料理,未特定,,,,2026-08-23時点の公開攻略DBで図鑑番号＋名称を確認できず。家具・収納等の未公開/未整備カテゴリを含む
459,焼き魚,料理,確定,,,,手入力
460,,料理,未特定,,,,2026-08-23時点の公開攻略DBで図鑑番号＋名称を確認できず。家具・収納等の未公開/未整備カテゴリを含む
461,,料理,未特定,,,,2026-08-23時点の公開攻略DBで図鑑番号＋名称を確認できず。家具・収納等の未公開/未整備カテゴリを含む
462,タマネギのポトフ,料理,確定,,,,手入力
463,エンドウ豆のお浸し,料理,確定,,,,手入力
464,,料理,未特定,,,,2026-08-23時点の公開攻略DBで図鑑番号＋名称を確認できず。家具・収納等の未公開/未整備カテゴリを含む
465,,料理,未特定,,,,2026-08-23時点の公開攻略DBで図鑑番号＋名称を確認できず。家具・収納等の未公開/未整備カテゴリを含む
466,,料理,未特定,,,,2026-08-23時点の公開攻略DBで図鑑番号＋名称を確認できず。家具・収納等の未公開/未整備カテゴリを含む
467,,料理,未特定,,,,2026-08-23時点の公開攻略DBで図鑑番号＋名称を確認できず。家具・収納等の未公開/未整備カテゴリを含む
468,,料理,未特定,,,,2026-08-23時点の公開攻略DBで図鑑番号＋名称を確認できず。家具・収納等の未公開/未整備カテゴリを含む
469,,料理,未特定,,,,2026-08-23時点の公開攻略DBで図鑑番号＋名称を確認できず。家具・収納等の未公開/未整備カテゴリを含む
470,,料理,未特定,,,,2026-08-23時点の公開攻略DBで図鑑番号＋名称を確認できず。家具・収納等の未公開/未整備カテゴリを含む
471,,料理,未特定,,,,2026-08-23時点の公開攻略DBで図鑑番号＋名称を確認できず。家具・収納等の未公開/未整備カテゴリを含む
472,,料理,未特定,,,,2026-08-23時点の公開攻略DBで図鑑番号＋名称を確認できず。家具・収納等の未公開/未整備カテゴリを含む
473,,料理,未特定,,,,2026-08-23時点の公開攻略DBで図鑑番号＋名称を確認できず。家具・収納等の未公開/未整備カテゴリを含む
474,,料理,未特定,,,,2026-08-23時点の公開攻略DBで図鑑番号＋名称を確認できず。家具・収納等の未公開/未整備カテゴリを含む
475,,料理,未特定,,,,2026-08-23時点の公開攻略DBで図鑑番号＋名称を確認できず。家具・収納等の未公開/未整備カテゴリを含む
476,,料理,未特定,,,,2026-08-23時点の公開攻略DBで図鑑番号＋名称を確認できず。家具・収納等の未公開/未整備カテゴリを含む
477,山盛りトマト,料理,確定,,,,手入力
478,,料理,未特定,,,,2026-08-23時点の公開攻略DBで図鑑番号＋名称を確認できず。家具・収納等の未公開/未整備カテゴリを含む
479,,料理,未特定,,,,2026-08-23時点の公開攻略DBで図鑑番号＋名称を確認できず。家具・収納等の未公開/未整備カテゴリを含む
480,カボチャのスープ,料理,確定,,,,手入力
481,,料理,未特定,,,,2026-08-23時点の公開攻略DBで図鑑番号＋名称を確認できず。家具・収納等の未公開/未整備カテゴリを含む
482,,料理,未特定,,,,2026-08-23時点の公開攻略DBで図鑑番号＋名称を確認できず。家具・収納等の未公開/未整備カテゴリを含む
483,まるごとキュウリ,料理,確定,,,,手入力
484,,料理,未特定,,,,2026-08-23時点の公開攻略DBで図鑑番号＋名称を確認できず。家具・収納等の未公開/未整備カテゴリを含む
485,,料理,未特定,,,,2026-08-23時点の公開攻略DBで図鑑番号＋名称を確認できず。家具・収納等の未公開/未整備カテゴリを含む
486,,料理,未特定,,,,2026-08-23時点の公開攻略DBで図鑑番号＋名称を確認できず。家具・収納等の未公開/未整備カテゴリを含む
487,,料理,未特定,,,,2026-08-23時点の公開攻略DBで図鑑番号＋名称を確認できず。家具・収納等の未公開/未整備カテゴリを含む
488,,料理,未特定,,,,2026-08-23時点の公開攻略DBで図鑑番号＋名称を確認できず。家具・収納等の未公開/未整備カテゴリを含む
489,,料理,未特定,,,,2026-08-23時点の公開攻略DBで図鑑番号＋名称を確認できず。家具・収納等の未公開/未整備カテゴリを含む
490,,料理,未特定,,,,2026-08-23時点の公開攻略DBで図鑑番号＋名称を確認できず。家具・収納等の未公開/未整備カテゴリを含む
491,,料理,未特定,,,,2026-08-23時点の公開攻略DBで図鑑番号＋名称を確認できず。家具・収納等の未公開/未整備カテゴリを含む
492,,料理,未特定,,,,2026-08-23時点の公開攻略DBで図鑑番号＋名称を確認できず。家具・収納等の未公開/未整備カテゴリを含む
493,,料理,未特定,,,,2026-08-23時点の公開攻略DBで図鑑番号＋名称を確認できず。家具・収納等の未公開/未整備カテゴリを含む
494,,料理,未特定,,,,2026-08-23時点の公開攻略DBで図鑑番号＋名称を確認できず。家具・収納等の未公開/未整備カテゴリを含む
495,おつまみ枝豆,料理,確定,,,,手入力
496,ざるそば,料理,確定,,,,手入力
497,,料理,未特定,,,,2026-08-23時点の公開攻略DBで図鑑番号＋名称を確認できず。家具・収納等の未公開/未整備カテゴリを含む
498,,料理,未特定,,,,2026-08-23時点の公開攻略DBで図鑑番号＋名称を確認できず。家具・収納等の未公開/未整備カテゴリを含む
499,,料理,未特定,,,,2026-08-23時点の公開攻略DBで図鑑番号＋名称を確認できず。家具・収納等の未公開/未整備カテゴリを含む
500,,料理,未特定,,,,2026-08-23時点の公開攻略DBで図鑑番号＋名称を確認できず。家具・収納等の未公開/未整備カテゴリを含む
501,山の幸茶碗蒸し,料理,確定,,,,手入力
502,焼き松茸,料理,確定,,,,手入力
503,,料理,未特定,,,,2026-08-23時点の公開攻略DBで図鑑番号＋名称を確認できず。家具・収納等の未公開/未整備カテゴリを含む
504,,料理,未特定,,,,2026-08-23時点の公開攻略DBで図鑑番号＋名称を確認できず。家具・収納等の未公開/未整備カテゴリを含む
505,,料理,未特定,,,,2026-08-23時点の公開攻略DBで図鑑番号＋名称を確認できず。家具・収納等の未公開/未整備カテゴリを含む
506,,料理,未特定,,,,2026-08-23時点の公開攻略DBで図鑑番号＋名称を確認できず。家具・収納等の未公開/未整備カテゴリを含む
507,,料理,未特定,,,,2026-08-23時点の公開攻略DBで図鑑番号＋名称を確認できず。家具・収納等の未公開/未整備カテゴリを含む
508,オムライス,料理,確定,,,,手入力
509,,料理,未特定,,,,2026-08-23時点の公開攻略DBで図鑑番号＋名称を確認できず。家具・収納等の未公開/未整備カテゴリを含む
510,ホワイトシチュー,料理,確定,,,,手入力
511,,料理,未特定,,,,2026-08-23時点の公開攻略DBで図鑑番号＋名称を確認できず。家具・収納等の未公開/未整備カテゴリを含む
512,,料理,未特定,,,,2026-08-23時点の公開攻略DBで図鑑番号＋名称を確認できず。家具・収納等の未公開/未整備カテゴリを含む
513,,料理,未特定,,,,2026-08-23時点の公開攻略DBで図鑑番号＋名称を確認できず。家具・収納等の未公開/未整備カテゴリを含む
514,,料理,未特定,,,,2026-08-23時点の公開攻略DBで図鑑番号＋名称を確認できず。家具・収納等の未公開/未整備カテゴリを含む
515,ミートパイ,料理,確定,,,,手入力
516,スパゲッティ,料理,確定,,,,手入力
517,,料理,未特定,,,,2026-08-23時点の公開攻略DBで図鑑番号＋名称を確認できず。家具・収納等の未公開/未整備カテゴリを含む
518,,料理,未特定,,,,2026-08-23時点の公開攻略DBで図鑑番号＋名称を確認できず。家具・収納等の未公開/未整備カテゴリを含む
519,お雑煮,料理,確定,,,,手入力
520,,料理,未特定,,,,2026-08-23時点の公開攻略DBで図鑑番号＋名称を確認できず。家具・収納等の未公開/未整備カテゴリを含む
521,,料理,未特定,,,,2026-08-23時点の公開攻略DBで図鑑番号＋名称を確認できず。家具・収納等の未公開/未整備カテゴリを含む
522,アスパラサラダ,料理,確定,,,,手入力
523,,料理,未特定,,,,2026-08-23時点の公開攻略DBで図鑑番号＋名称を確認できず。家具・収納等の未公開/未整備カテゴリを含む
524,,料理,未特定,,,,2026-08-23時点の公開攻略DBで図鑑番号＋名称を確認できず。家具・収納等の未公開/未整備カテゴリを含む
525,,料理,未特定,,,,2026-08-23時点の公開攻略DBで図鑑番号＋名称を確認できず。家具・収納等の未公開/未整備カテゴリを含む
526,,料理,未特定,,,,2026-08-23時点の公開攻略DBで図鑑番号＋名称を確認できず。家具・収納等の未公開/未整備カテゴリを含む
527,,料理,未特定,,,,2026-08-23時点の公開攻略DBで図鑑番号＋名称を確認できず。家具・収納等の未公開/未整備カテゴリを含む
528,,料理,未特定,,,,2026-08-23時点の公開攻略DBで図鑑番号＋名称を確認できず。家具・収納等の未公開/未整備カテゴリを含む
529,焼きそば,料理,確定,,,,手入力
530,塩むすび,料理,確定,,,,手入力
531,焼き芋,料理,確定,,,,手入力
532,柏餅,料理,確定,,,,手入力
533,山果実盛り,料理,確定,,,,手入力
534,プリン,料理,確定,,,,手入力
535,夏のお供スイカ,料理,確定,,,,手入力
536,,料理,未特定,,,,2026-08-23時点の公開攻略DBで図鑑番号＋名称を確認できず。家具・収納等の未公開/未整備カテゴリを含む
537,,料理,未特定,,,,2026-08-23時点の公開攻略DBで図鑑番号＋名称を確認できず。家具・収納等の未公開/未整備カテゴリを含む
538,,料理,未特定,,,,2026-08-23時点の公開攻略DBで図鑑番号＋名称を確認できず。家具・収納等の未公開/未整備カテゴリを含む
539,ベリー・ベリーパフェ,料理,確定,,,,手入力
540,,料理,未特定,,,,2026-08-23時点の公開攻略DBで図鑑番号＋名称を確認できず。家具・収納等の未公開/未整備カテゴリを含む
541,,料理,未特定,,,,2026-08-23時点の公開攻略DBで図鑑番号＋名称を確認できず。家具・収納等の未公開/未整備カテゴリを含む
542,,料理,未特定,,,,2026-08-23時点の公開攻略DBで図鑑番号＋名称を確認できず。家具・収納等の未公開/未整備カテゴリを含む
543,モンブラン,料理,確定,,,,手入力
544,,料理,未特定,,,,2026-08-23時点の公開攻略DBで図鑑番号＋名称を確認できず。家具・収納等の未公開/未整備カテゴリを含む
545,,料理,未特定,,,,2026-08-23時点の公開攻略DBで図鑑番号＋名称を確認できず。家具・収納等の未公開/未整備カテゴリを含む
546,,料理,未特定,,,,2026-08-23時点の公開攻略DBで図鑑番号＋名称を確認できず。家具・収納等の未公開/未整備カテゴリを含む
547,杏仁豆腐,料理,確定,,,,手入力
548,,料理,未特定,,,,2026-08-23時点の公開攻略DBで図鑑番号＋名称を確認できず。家具・収納等の未公開/未整備カテゴリを含む
549,,料理,未特定,,,,2026-08-23時点の公開攻略DBで図鑑番号＋名称を確認できず。家具・収納等の未公開/未整備カテゴリを含む
550,,料理,未特定,,,,2026-08-23時点の公開攻略DBで図鑑番号＋名称を確認できず。家具・収納等の未公開/未整備カテゴリを含む
551,,料理,未特定,,,,2026-08-23時点の公開攻略DBで図鑑番号＋名称を確認できず。家具・収納等の未公開/未整備カテゴリを含む
552,,料理,未特定,,,,2026-08-23時点の公開攻略DBで図鑑番号＋名称を確認できず。家具・収納等の未公開/未整備カテゴリを含む
553,,料理,未特定,,,,2026-08-23時点の公開攻略DBで図鑑番号＋名称を確認できず。家具・収納等の未公開/未整備カテゴリを含む
554,,料理,未特定,,,,2026-08-23時点の公開攻略DBで図鑑番号＋名称を確認できず。家具・収納等の未公開/未整備カテゴリを含む
555,,料理,未特定,,,,2026-08-23時点の公開攻略DBで図鑑番号＋名称を確認できず。家具・収納等の未公開/未整備カテゴリを含む
556,,料理,未特定,,,,2026-08-23時点の公開攻略DBで図鑑番号＋名称を確認できず。家具・収納等の未公開/未整備カテゴリを含む
557,,料理,未特定,,,,2026-08-23時点の公開攻略DBで図鑑番号＋名称を確認できず。家具・収納等の未公開/未整備カテゴリを含む
558,,料理,未特定,,,,2026-08-23時点の公開攻略DBで図鑑番号＋名称を確認できず。家具・収納等の未公開/未整備カテゴリを含む
559,,料理,未特定,,,,2026-08-23時点の公開攻略DBで図鑑番号＋名称を確認できず。家具・収納等の未公開/未整備カテゴリを含む
560,,料理,未特定,,,,2026-08-23時点の公開攻略DBで図鑑番号＋名称を確認できず。家具・収納等の未公開/未整備カテゴリを含む
561,,料理,未特定,,,,2026-08-23時点の公開攻略DBで図鑑番号＋名称を確認できず。家具・収納等の未公開/未整備カテゴリを含む
562,,料理,未特定,,,,2026-08-23時点の公開攻略DBで図鑑番号＋名称を確認できず。家具・収納等の未公開/未整備カテゴリを含む
563,醤油プリン,料理,確定,,,,手入力
564,,料理,未特定,,,,2026-08-23時点の公開攻略DBで図鑑番号＋名称を確認できず。家具・収納等の未公開/未整備カテゴリを含む
565,,料理,未特定,,,,2026-08-23時点の公開攻略DBで図鑑番号＋名称を確認できず。家具・収納等の未公開/未整備カテゴリを含む
566,リンゴ飴,料理,確定,,,,手入力
567,ソーダフロート,料理,確定,,,,手入力
568,三団子,料理,確定,,,,手入力
569,アブラハヤ,魚,確定,,,https://gamerch.com/honogurashinoniwa/1001008,
570,タナゴ,魚,確定,,,https://gamerch.com/honogurashinoniwa/1001008,
571,カワムツ,魚,確定,,,https://gamerch.com/honogurashinoniwa/1001008,
572,ヤマメ,魚,確定,,,https://gamerch.com/honogurashinoniwa/1001008,
573,ヤマトイワナ,魚,確定,,,https://gamerch.com/honogurashinoniwa/1001008,
574,ニジマス,魚,確定,,,https://gamerch.com/honogurashinoniwa/1001008,
575,アマゴ,魚,確定,,,https://gamerch.com/honogurashinoniwa/1001008,
576,アユ,魚,確定,,,https://gamerch.com/honogurashinoniwa/1001008,
577,サツキマス,魚,確定,,,https://gamerch.com/honogurashinoniwa/1001008,
578,オイカワ,魚,確定,,,https://gamerch.com/honogurashinoniwa/1001008,
579,ウグイ,魚,確定,,,https://gamerch.com/honogurashinoniwa/1001008,
580,ウナギ,魚,確定,,,https://gamerch.com/honogurashinoniwa/1001008,
581,ハリヨ,魚,確定,,,https://gamerch.com/honogurashinoniwa/1001008,
582,ヨシノボリ,魚,確定,,,https://gamerch.com/honogurashinoniwa/1001008,
583,カジカ,魚,確定,,,https://gamerch.com/honogurashinoniwa/1001008,
584,フナ,魚,確定,,,https://gamerch.com/honogurashinoniwa/1001008,
585,コイ,魚,確定,,,https://gamerch.com/honogurashinoniwa/1001008,
586,ナマズ,魚,確定,,,https://gamerch.com/honogurashinoniwa/1001008,
587,サワガニ,魚,確定,,,https://gamerch.com/honogurashinoniwa/1001008,
588,モクズガニ,魚,確定,,,https://gamerch.com/honogurashinoniwa/1001008,
589,ドンコ,魚,確定,,,https://gamerch.com/honogurashinoniwa/1001008,
590,ホトケドジョウ,魚,確定,,,https://gamerch.com/honogurashinoniwa/1001008,
591,ニホンザリガニ,魚,確定,,,https://gamerch.com/honogurashinoniwa/1001008,
592,テナガエビ,魚,確定,,,https://gamerch.com/honogurashinoniwa/1001008,
593,スッポン,魚,確定,,,https://gamerch.com/honogurashinoniwa/1001008,
594,イシガメ,魚,確定,,,https://gamerch.com/honogurashinoniwa/1001008,
595,トノサマガエル,魚,確定,,,https://gamerch.com/honogurashinoniwa/1001008,
596,サケ,魚,確定,,,https://gamerch.com/honogurashinoniwa/1001008,
597,イトウ,魚,確定,,,https://gamerch.com/honogurashinoniwa/1001008,
598,白いウナギ,魚,確定,,,https://gamerch.com/honogurashinoniwa/1001008,
599,白いコイ,魚,確定,,,https://gamerch.com/honogurashinoniwa/1001008,
600,白いナマズ,魚,確定,,,https://gamerch.com/honogurashinoniwa/1001008,
601,白いニホンザリガニ,魚,確定,,,https://gamerch.com/honogurashinoniwa/1001008,
602,白いスッポン,魚,確定,,,https://gamerch.com/honogurashinoniwa/1001008,
603,白いイトウ,魚,確定,,,https://gamerch.com/honogurashinoniwa/1001008,
604,祟られオイカワ,祟られ魚,確定,,,https://gamerch.com/honogurashinoniwa/1002291,
605,祟られフナ,祟られ魚,確定,,,https://gamerch.com/honogurashinoniwa/1002291,
606,祟られサワガニ,祟られ魚,確定,,,https://gamerch.com/honogurashinoniwa/1002291,
607,祟られアマゴ,祟られ魚,確定,,,https://gamerch.com/honogurashinoniwa/1002291,
608,祟られアユ,祟られ魚,確定,,,https://gamerch.com/honogurashinoniwa/1002291,
609,祟られカエル,祟られ魚,確定,,,https://gamerch.com/honogurashinoniwa/1002291,
610,小動物のジビエ肉,獲物,確定,,,https://gamerch.com/honogurashinoniwa/1002690,
611,大型動物のジビエ肉,獲物,確定,,,https://gamerch.com/honogurashinoniwa/1002690,
612,小動物の骨,獲物,確定,,,https://gamerch.com/honogurashinoniwa/1002690,
613,大型動物の骨,獲物,確定,,,https://gamerch.com/honogurashinoniwa/1002690,
614,キジの飾り羽,獲物,確定,,,https://gamerch.com/honogurashinoniwa/1002690,
615,キツネの毛皮,獲物,確定,,,https://gamerch.com/honogurashinoniwa/1002690,
616,タヌキの毛皮,獲物,確定,,,https://gamerch.com/honogurashinoniwa/1002690,
617,ウサギの毛皮,獲物,確定,,,https://gamerch.com/honogurashinoniwa/1002690,
618,イタチの毛皮,獲物,確定,,,https://gamerch.com/honogurashinoniwa/1002690,
619,イノシシの牙,獲物,確定,,,https://gamerch.com/honogurashinoniwa/1002690,
620,シカの角,獲物,確定,,,https://gamerch.com/honogurashinoniwa/1002690,
621,クマの毛皮,獲物,確定,,,https://gamerch.com/honogurashinoniwa/1002690,
622,熊胆,獲物,確定,,,https://gamerch.com/honogurashinoniwa/1002690,
623,トパーズ,鉱石,確定,,,https://gamerch.com/honogurashinoniwa/1002708,
624,瑠璃,鉱石,確定,,,https://gamerch.com/honogurashinoniwa/1002708,
625,翡翠,鉱石,確定,,,https://gamerch.com/honogurashinoniwa/1002708,
626,拓榴石,鉱石,確定,,,https://gamerch.com/honogurashinoniwa/1002708,
627,水晶,鉱石,確定,,,https://gamerch.com/honogurashinoniwa/1002708,
628,サファイア,鉱石,確定,,,https://gamerch.com/honogurashinoniwa/1002708,
629,琥珀,鉱石,確定,,,https://gamerch.com/honogurashinoniwa/1002708,
630,緑柱石,鉱石,確定,,,https://gamerch.com/honogurashinoniwa/1002708,
631,アメジスト,鉱石,確定,,,https://gamerch.com/honogurashinoniwa/1002708,
632,トルマリン,鉱石,確定,,,https://gamerch.com/honogurashinoniwa/1002708,
633,蛍石,鉱石,確定,,,https://gamerch.com/honogurashinoniwa/1002708,
634,紅水晶,鉱石,確定,,,https://gamerch.com/honogurashinoniwa/1002708,
635,魔除けナンテンの苗,購入品,確定,,,https://gamerch.com/honogurashinoniwa/1004564,
636,銅の金型,購入品,確定,,,https://gamerch.com/honogurashinoniwa/1004564,
637,鉄の金型,購入品,確定,,,https://gamerch.com/honogurashinoniwa/1004564,
638,金の金型,購入品,確定,,,https://gamerch.com/honogurashinoniwa/1004564,
639,隕鉄の金型,購入品,確定,,,https://gamerch.com/honogurashinoniwa/1004564,
640,作業台,機械,確定,,,https://gamerch.com/honogurashinoniwa/1005362,
641,樹液採取器,機械,確定,,,https://gamerch.com/honogurashinoniwa/1005362,
642,染色台,機械,確定,,,https://gamerch.com/honogurashinoniwa/1005362,
643,漬物樽,機械,確定,,,https://gamerch.com/honogurashinoniwa/1005362,
644,漬物樽／改,機械,確定,,,https://gamerch.com/honogurashinoniwa/1005362,
645,ミルク加工機,機械,確定,,,https://gamerch.com/honogurashinoniwa/1005362,
646,ミルク加工機／改,機械,確定,,,https://gamerch.com/honogurashinoniwa/1005362,
647,マヨネーズ加工機,機械,確定,,,https://gamerch.com/honogurashinoniwa/1005362,
648,マヨネーズ加工機,機械,確定,,,https://gamerch.com/honogurashinoniwa/1005362,
649,醸造樽,機械,確定,,,https://gamerch.com/honogurashinoniwa/1005362,
650,醸造樽／改,農具,確定,,,,手入力
651,熟成樽,農具,確定,,,,手入力
652,熟成樽／改,農具,確定,,,,手入力
653,乾燥機,農具,確定,,,,手入力
654,乾燥機／改,農具,確定,,,,手入力
655,粉挽き,農具,確定,,,,手入力
656,粉挽き／改,農具,確定,,,,手入力
657,搾油機,農具,確定,,,,手入力
658,搾油機／改,農具,確定,,,,手入力
659,溶鉱炉,農具,確定,,,,手入力
660,溶鉱炉／改,農具,確定,,,,手入力
661,炭焼き窯,農具,確定,,,,手入力
662,炭焼き窯／改,農具,確定,,,,手入力
663,織り機,農具,確定,,,,手入力
664,織り機／改,農具,確定,,,,手入力
665,コンポスター,農具,確定,,,,手入力
666,コンポスター／改,農具,確定,,,,手入力
667,燻製器,農具,確定,,,,手入力
668,燻製器／改,農具,確定,,,,手入力
669,養蜂箱,農具,確定,,,,手入力
670,養蚕箱,農具,確定,,,,手入力
671,小さいスプリンクラー,農具,確定,,,,手入力
672,普通のスプリンクラー,農具,確定,,,,手入力
673,強化スプリンクラー,農具,確定,,,,手入力
674,はんごう,農具,確定,,,,手入力
675,かまど,農具,確定,,,,手入力
676,七輪,農具,確定,,,,手入力
677,ジョウロ,農具,確定,,,https://gamerch.com/honogurashinoniwa/1006098,
678,鋼のジョウロ,農具,推定,,,https://gamerch.com/honogurashinoniwa/1006098,公開DBの表で0678が欠番。系列（通常→銅→鋼→金→隕鉄）から推定
679,銅のジョウロ,農具,確定,,,https://gamerch.com/honogurashinoniwa/1006098,
680,金のジョウロ,農具,確定,,,https://gamerch.com/honogurashinoniwa/1006098,
681,隕鉄のジョウロ,農具,確定,,,https://gamerch.com/honogurashinoniwa/1006098,
682,クワ,農具,確定,,,https://gamerch.com/honogurashinoniwa/1006098,
683,銅のクワ,農具,確定,,,https://gamerch.com/honogurashinoniwa/1006098,
684,鋼のクワ,農具,確定,,,https://gamerch.com/honogurashinoniwa/1006098,
685,金のクワ,農具,確定,,,https://gamerch.com/honogurashinoniwa/1006098,
686,隕鉄のクワ,農具,確定,,,https://gamerch.com/honogurashinoniwa/1006098,
687,オノ,農具,確定,,,https://gamerch.com/honogurashinoniwa/1006098,
688,銅のオノ,農具,確定,,,https://gamerch.com/honogurashinoniwa/1006098,
689,鋼のオノ,農具,確定,,,https://gamerch.com/honogurashinoniwa/1006098,
690,金のオノ,農具,確定,,,https://gamerch.com/honogurashinoniwa/1006098,
691,隠鉄のオノ,農具,確定,,,https://gamerch.com/honogurashinoniwa/1006098,
692,ツルハシ,農具,確定,,,https://gamerch.com/honogurashinoniwa/1006098,
693,銅のツルハシ,農具,確定,,,https://gamerch.com/honogurashinoniwa/1006098,
694,鋼のツルハシ,農具,確定,,,https://gamerch.com/honogurashinoniwa/1006098,
695,金のツルハシ,農具,確定,,,https://gamerch.com/honogurashinoniwa/1006098,
696,隕鉄のツルハシ,農具,確定,,,https://gamerch.com/honogurashinoniwa/1006098,
697,スキ,農具,確定,,,https://gamerch.com/honogurashinoniwa/1006098,
698,銅のスキ,農具,確定,,,https://gamerch.com/honogurashinoniwa/1006098,
699,鋼のスキ,農具,確定,,,https://gamerch.com/honogurashinoniwa/1006098,
700,金のスキ,農具,確定,,,https://gamerch.com/honogurashinoniwa/1006098,
701,隕鉄のスキ,農具,確定,,,https://gamerch.com/honogurashinoniwa/1006098,
702,カマ,農具,確定,,,https://gamerch.com/honogurashinoniwa/1006098,
703,弓,農具,確定,,,https://gamerch.com/honogurashinoniwa/1006098,
704,懐中電灯,農具,農具,,,https://gamerch.com/honogurashinoniwa/1006098,
705,タニシ,農具,農具,,,,手入力
706,肥料,農具,農具,,,,手入力
707,良い肥料,農具,農具,,,,手入力
708,高級肥料,農具,農具,,,,手入力
709,,,未特定,,,,2026-08-23時点の公開攻略DBで図鑑番号＋名称を確認できず。家具・収納等の未公開/未整備カテゴリを含む
710,,,未特定,,,,2026-08-23時点の公開攻略DBで図鑑番号＋名称を確認できず。家具・収納等の未公開/未整備カテゴリを含む
711,,,未特定,,,,2026-08-23時点の公開攻略DBで図鑑番号＋名称を確認できず。家具・収納等の未公開/未整備カテゴリを含む
712,,,未特定,,,,2026-08-23時点の公開攻略DBで図鑑番号＋名称を確認できず。家具・収納等の未公開/未整備カテゴリを含む
713,,,未特定,,,,2026-08-23時点の公開攻略DBで図鑑番号＋名称を確認できず。家具・収納等の未公開/未整備カテゴリを含む
714,,,未特定,,,,2026-08-23時点の公開攻略DBで図鑑番号＋名称を確認できず。家具・収納等の未公開/未整備カテゴリを含む
715,,,未特定,,,,2026-08-23時点の公開攻略DBで図鑑番号＋名称を確認できず。家具・収納等の未公開/未整備カテゴリを含む
716,,,未特定,,,,2026-08-23時点の公開攻略DBで図鑑番号＋名称を確認できず。家具・収納等の未公開/未整備カテゴリを含む
717,,,未特定,,,,2026-08-23時点の公開攻略DBで図鑑番号＋名称を確認できず。家具・収納等の未公開/未整備カテゴリを含む
718,,,未特定,,,,2026-08-23時点の公開攻略DBで図鑑番号＋名称を確認できず。家具・収納等の未公開/未整備カテゴリを含む
719,,,未特定,,,,2026-08-23時点の公開攻略DBで図鑑番号＋名称を確認できず。家具・収納等の未公開/未整備カテゴリを含む
720,,,未特定,,,,2026-08-23時点の公開攻略DBで図鑑番号＋名称を確認できず。家具・収納等の未公開/未整備カテゴリを含む
721,,,未特定,,,,2026-08-23時点の公開攻略DBで図鑑番号＋名称を確認できず。家具・収納等の未公開/未整備カテゴリを含む
722,,,未特定,,,,2026-08-23時点の公開攻略DBで図鑑番号＋名称を確認できず。家具・収納等の未公開/未整備カテゴリを含む
723,,,未特定,,,,2026-08-23時点の公開攻略DBで図鑑番号＋名称を確認できず。家具・収納等の未公開/未整備カテゴリを含む
724,,,未特定,,,,2026-08-23時点の公開攻略DBで図鑑番号＋名称を確認できず。家具・収納等の未公開/未整備カテゴリを含む
725,,,未特定,,,,2026-08-23時点の公開攻略DBで図鑑番号＋名称を確認できず。家具・収納等の未公開/未整備カテゴリを含む
726,,,未特定,,,,2026-08-23時点の公開攻略DBで図鑑番号＋名称を確認できず。家具・収納等の未公開/未整備カテゴリを含む
727,,,未特定,,,,2026-08-23時点の公開攻略DBで図鑑番号＋名称を確認できず。家具・収納等の未公開/未整備カテゴリを含む
728,,,未特定,,,,2026-08-23時点の公開攻略DBで図鑑番号＋名称を確認できず。家具・収納等の未公開/未整備カテゴリを含む
729,,,未特定,,,,2026-08-23時点の公開攻略DBで図鑑番号＋名称を確認できず。家具・収納等の未公開/未整備カテゴリを含む
730,,,未特定,,,,2026-08-23時点の公開攻略DBで図鑑番号＋名称を確認できず。家具・収納等の未公開/未整備カテゴリを含む
731,,,未特定,,,,2026-08-23時点の公開攻略DBで図鑑番号＋名称を確認できず。家具・収納等の未公開/未整備カテゴリを含む
732,,,未特定,,,,2026-08-23時点の公開攻略DBで図鑑番号＋名称を確認できず。家具・収納等の未公開/未整備カテゴリを含む
733,,,未特定,,,,2026-08-23時点の公開攻略DBで図鑑番号＋名称を確認できず。家具・収納等の未公開/未整備カテゴリを含む
734,,,未特定,,,,2026-08-23時点の公開攻略DBで図鑑番号＋名称を確認できず。家具・収納等の未公開/未整備カテゴリを含む
735,,,未特定,,,,2026-08-23時点の公開攻略DBで図鑑番号＋名称を確認できず。家具・収納等の未公開/未整備カテゴリを含む
736,,,未特定,,,,2026-08-23時点の公開攻略DBで図鑑番号＋名称を確認できず。家具・収納等の未公開/未整備カテゴリを含む
737,,,未特定,,,,2026-08-23時点の公開攻略DBで図鑑番号＋名称を確認できず。家具・収納等の未公開/未整備カテゴリを含む
738,,,未特定,,,,2026-08-23時点の公開攻略DBで図鑑番号＋名称を確認できず。家具・収納等の未公開/未整備カテゴリを含む
739,春のカカシ,農具,確定,,,,手入力
740,夏のカカシ,農具,確定,,,,手入力
741,秋のカカシ,農具,確定,,,,手入力
742,冬のカカシ,農具,確定,,,,手入力
743,畜産物回収機,動物用品,確定,,,https://gamerch.com/honogurashinoniwa/1006181,
744,家畜用ヒーター,動物用品,確定,,,https://gamerch.com/honogurashinoniwa/1006181,
745,牧草の親株,動物用品,確定,,,https://gamerch.com/honogurashinoniwa/1006181,
746,牧草,動物用品,確定,,,https://gamerch.com/honogurashinoniwa/1006181,
747,撒き餌,猟具,確定,,,https://gamerch.com/honogurashinoniwa/1006188,
748,良質な撒き餌,猟具,確定,,,https://gamerch.com/honogurashinoniwa/1006188,
749,白い撒き餌,猟具,確定,,,https://gamerch.com/honogurashinoniwa/1006188,
750,カニかご,猟具,確定,,,https://gamerch.com/honogurashinoniwa/1006188,
751,くくり罠,猟具,確定,,,https://gamerch.com/honogurashinoniwa/1006188,
752,箱罠,猟具,確定,,,https://gamerch.com/honogurashinoniwa/1006188,
753,狩猟のエサ,猟具,確定,,,https://gamerch.com/honogurashinoniwa/1006188,
754,リスの狩猟証明,狩猟証明,確定,,,https://gamerch.com/honogurashinoniwa/1006197,
755,ウサギの狩猟証明,狩猟証明,確定,,,https://gamerch.com/honogurashinoniwa/1006197,
756,イタチの狩猟証明,狩猟証明,確定,,,https://gamerch.com/honogurashinoniwa/1006197,
757,タヌキの狩猟証明,狩猟証明,確定,,,https://gamerch.com/honogurashinoniwa/1006197,
758,キツネの狩猟証明,狩猟証明,確定,,,https://gamerch.com/honogurashinoniwa/1006197,
759,キジの狩猟証明,狩猟証明,確定,,,https://gamerch.com/honogurashinoniwa/1006197,
760,イノシシの狩猟証明,狩猟証明,確定,,,https://gamerch.com/honogurashinoniwa/1006197,
761,主イノシシの狩猟証明,狩猟証明,確定,,,https://gamerch.com/honogurashinoniwa/1006197,
762,シカの狩猟証明,狩猟証明,確定,,,https://gamerch.com/honogurashinoniwa/1006197,
763,主シカの狩猟証明,狩猟証明,確定,,,https://gamerch.com/honogurashinoniwa/1006197,
764,クマの狩猟証明,狩猟証明,確定,,,https://gamerch.com/honogurashinoniwa/1006197,
765,主クマの狩猟証明,狩猟証明,確定,,,https://gamerch.com/honogurashinoniwa/1006197,
766,ニワトリのヒヨコ／白,家畜,確定,,,https://gamerch.com/honogurashinoniwa/1006215,
767,ニワトリのヒヨコ／茶,家畜,確定,,,https://gamerch.com/honogurashinoniwa/1006215,
768,ニワトリのヒヨコ／黒,家畜,確定,,,https://gamerch.com/honogurashinoniwa/1006215,
769,カラーヒヨコ／赤色,家畜,確定,,,https://gamerch.com/honogurashinoniwa/1006215,
770,カラーヒヨコ／橙色,家畜,確定,,,https://gamerch.com/honogurashinoniwa/1006215,
771,カラーヒヨコ／緑色,家畜,確定,,,https://gamerch.com/honogurashinoniwa/1006215,
772,カラーヒヨコ／水色,家畜,確定,,,https://gamerch.com/honogurashinoniwa/1006215,
773,カラーヒヨコ／青色,家畜,確定,,,https://gamerch.com/honogurashinoniwa/1006215,
774,カラーヒヨコ／紫色,家畜,確定,,,https://gamerch.com/honogurashinoniwa/1006215,
775,カラーヒヨコ／灰色,家畜,確定,,,https://gamerch.com/honogurashinoniwa/1006215,
776,ニワトリ／白,家畜,確定,,,https://gamerch.com/honogurashinoniwa/1006215,
777,ニワトリ／茶,家畜,確定,,,https://gamerch.com/honogurashinoniwa/1006215,
778,ニワトリ／黒,家畜,確定,,,https://gamerch.com/honogurashinoniwa/1006215,
779,雄鶏,家畜,確定,,,https://gamerch.com/honogurashinoniwa/1006215,
780,アヒルのヒヨコ／白,家畜,確定,,,https://gamerch.com/honogurashinoniwa/1006215,
781,アヒルのヒヨコ／白黒,家畜,確定,,,https://gamerch.com/honogurashinoniwa/1006215,
782,アヒル／白,家畜,確定,,,https://gamerch.com/honogurashinoniwa/1006215,
783,アヒル／白黒,家畜,確定,,,https://gamerch.com/honogurashinoniwa/1006215,
784,七面鳥のヒヨコ,家畜,確定,,,https://gamerch.com/honogurashinoniwa/1006215,
785,七面鳥,家畜,確定,,,https://gamerch.com/honogurashinoniwa/1006215,
786,子ウシ／白黒,家畜,確定,,,https://gamerch.com/honogurashinoniwa/1006215,
787,子ウシ／茶,家畜,確定,,,https://gamerch.com/honogurashinoniwa/1006215,
788,子ウシ／黒,,未特定,,,,2026-08-23時点の公開攻略DBで図鑑番号＋名称を確認できず。家具・収納等の未公開/未整備カテゴリを含む
789,ウシ／白黒,,未特定,,,,2026-08-23時点の公開攻略DBで図鑑番号＋名称を確認できず。家具・収納等の未公開/未整備カテゴリを含む
790,ウシ／茶,,未特定,,,,2026-08-23時点の公開攻略DBで図鑑番号＋名称を確認できず。家具・収納等の未公開/未整備カテゴリを含む
791,ウシ／黒,,未特定,,,,2026-08-23時点の公開攻略DBで図鑑番号＋名称を確認できず。家具・収納等の未公開/未整備カテゴリを含む
792,子ヒツジ／白,,未特定,,,,2026-08-23時点の公開攻略DBで図鑑番号＋名称を確認できず。家具・収納等の未公開/未整備カテゴリを含む
793,子ヒツジ／黒,,未特定,,,,2026-08-23時点の公開攻略DBで図鑑番号＋名称を確認できず。家具・収納等の未公開/未整備カテゴリを含む
794,ヒツジ／白,,未特定,,,,2026-08-23時点の公開攻略DBで図鑑番号＋名称を確認できず。家具・収納等の未公開/未整備カテゴリを含む
795,ヒツジ／黒,,未特定,,,,2026-08-23時点の公開攻略DBで図鑑番号＋名称を確認できず。家具・収納等の未公開/未整備カテゴリを含む
796,子ヤギ／白,,未特定,,,,2026-08-23時点の公開攻略DBで図鑑番号＋名称を確認できず。家具・収納等の未公開/未整備カテゴリを含む
797,子ヤギ／茶,,未特定,,,,2026-08-23時点の公開攻略DBで図鑑番号＋名称を確認できず。家具・収納等の未公開/未整備カテゴリを含む
798,子ヤギ／黒,,未特定,,,,2026-08-23時点の公開攻略DBで図鑑番号＋名称を確認できず。家具・収納等の未公開/未整備カテゴリを含む
799,ヤギ／白,,未特定,,,,2026-08-23時点の公開攻略DBで図鑑番号＋名称を確認できず。家具・収納等の未公開/未整備カテゴリを含む
800,ヤギ／茶,,未特定,,,,2026-08-23時点の公開攻略DBで図鑑番号＋名称を確認できず。家具・収納等の未公開/未整備カテゴリを含む
801,ヤギ／黒,,未特定,,,,2026-08-23時点の公開攻略DBで図鑑番号＋名称を確認できず。家具・収納等の未公開/未整備カテゴリを含む
802,カシミア子ヤギ,,未特定,,,,2026-08-23時点の公開攻略DBで図鑑番号＋名称を確認できず。家具・収納等の未公開/未整備カテゴリを含む
803,カシミアヤギ,,未特定,,,,2026-08-23時点の公開攻略DBで図鑑番号＋名称を確認できず。家具・収納等の未公開/未整備カテゴリを含む
804,子ブタ／ピンク,,未特定,,,,2026-08-23時点の公開攻略DBで図鑑番号＋名称を確認できず。家具・収納等の未公開/未整備カテゴリを含む
805,子ブタ／黒,,未特定,,,,2026-08-23時点の公開攻略DBで図鑑番号＋名称を確認できず。家具・収納等の未公開/未整備カテゴリを含む
806,ブタ／ピンク,,未特定,,,,2026-08-23時点の公開攻略DBで図鑑番号＋名称を確認できず。家具・収納等の未公開/未整備カテゴリを含む
807,ブタ／黒,,未特定,,,,2026-08-23時点の公開攻略DBで図鑑番号＋名称を確認できず。家具・収納等の未公開/未整備カテゴリを含む
808,子ウマ／茶,,未特定,,,,2026-08-23時点の公開攻略DBで図鑑番号＋名称を確認できず。家具・収納等の未公開/未整備カテゴリを含む
809,,,未特定,,,,2026-08-23時点の公開攻略DBで図鑑番号＋名称を確認できず。家具・収納等の未公開/未整備カテゴリを含む
810,,,未特定,,,,2026-08-23時点の公開攻略DBで図鑑番号＋名称を確認できず。家具・収納等の未公開/未整備カテゴリを含む
811,,,未特定,,,,2026-08-23時点の公開攻略DBで図鑑番号＋名称を確認できず。家具・収納等の未公開/未整備カテゴリを含む
812,,,未特定,,,,2026-08-23時点の公開攻略DBで図鑑番号＋名称を確認できず。家具・収納等の未公開/未整備カテゴリを含む
813,,,未特定,,,,2026-08-23時点の公開攻略DBで図鑑番号＋名称を確認できず。家具・収納等の未公開/未整備カテゴリを含む
814,木の収納箱／茶,,未特定,,,,2026-08-23時点の公開攻略DBで図鑑番号＋名称を確認できず。家具・収納等の未公開/未整備カテゴリを含む
815,,,未特定,,,,2026-08-23時点の公開攻略DBで図鑑番号＋名称を確認できず。家具・収納等の未公開/未整備カテゴリを含む
816,,,未特定,,,,2026-08-23時点の公開攻略DBで図鑑番号＋名称を確認できず。家具・収納等の未公開/未整備カテゴリを含む
817,,,未特定,,,,2026-08-23時点の公開攻略DBで図鑑番号＋名称を確認できず。家具・収納等の未公開/未整備カテゴリを含む
818,,,未特定,,,,2026-08-23時点の公開攻略DBで図鑑番号＋名称を確認できず。家具・収納等の未公開/未整備カテゴリを含む
819,,,未特定,,,,2026-08-23時点の公開攻略DBで図鑑番号＋名称を確認できず。家具・収納等の未公開/未整備カテゴリを含む
820,,,未特定,,,,2026-08-23時点の公開攻略DBで図鑑番号＋名称を確認できず。家具・収納等の未公開/未整備カテゴリを含む
821,,,未特定,,,,2026-08-23時点の公開攻略DBで図鑑番号＋名称を確認できず。家具・収納等の未公開/未整備カテゴリを含む
822,,,未特定,,,,2026-08-23時点の公開攻略DBで図鑑番号＋名称を確認できず。家具・収納等の未公開/未整備カテゴリを含む
823,,,未特定,,,,2026-08-23時点の公開攻略DBで図鑑番号＋名称を確認できず。家具・収納等の未公開/未整備カテゴリを含む
824,,,未特定,,,,2026-08-23時点の公開攻略DBで図鑑番号＋名称を確認できず。家具・収納等の未公開/未整備カテゴリを含む
825,,,未特定,,,,2026-08-23時点の公開攻略DBで図鑑番号＋名称を確認できず。家具・収納等の未公開/未整備カテゴリを含む
826,,,未特定,,,,2026-08-23時点の公開攻略DBで図鑑番号＋名称を確認できず。家具・収納等の未公開/未整備カテゴリを含む
827,,,未特定,,,,2026-08-23時点の公開攻略DBで図鑑番号＋名称を確認できず。家具・収納等の未公開/未整備カテゴリを含む
828,,,未特定,,,,2026-08-23時点の公開攻略DBで図鑑番号＋名称を確認できず。家具・収納等の未公開/未整備カテゴリを含む
829,,,未特定,,,,2026-08-23時点の公開攻略DBで図鑑番号＋名称を確認できず。家具・収納等の未公開/未整備カテゴリを含む
830,,,未特定,,,,2026-08-23時点の公開攻略DBで図鑑番号＋名称を確認できず。家具・収納等の未公開/未整備カテゴリを含む
831,,,未特定,,,,2026-08-23時点の公開攻略DBで図鑑番号＋名称を確認できず。家具・収納等の未公開/未整備カテゴリを含む
832,,,未特定,,,,2026-08-23時点の公開攻略DBで図鑑番号＋名称を確認できず。家具・収納等の未公開/未整備カテゴリを含む
833,,,未特定,,,,2026-08-23時点の公開攻略DBで図鑑番号＋名称を確認できず。家具・収納等の未公開/未整備カテゴリを含む
834,,,未特定,,,,2026-08-23時点の公開攻略DBで図鑑番号＋名称を確認できず。家具・収納等の未公開/未整備カテゴリを含む
835,,,未特定,,,,2026-08-23時点の公開攻略DBで図鑑番号＋名称を確認できず。家具・収納等の未公開/未整備カテゴリを含む
836,,,未特定,,,,2026-08-23時点の公開攻略DBで図鑑番号＋名称を確認できず。家具・収納等の未公開/未整備カテゴリを含む
837,,,未特定,,,,2026-08-23時点の公開攻略DBで図鑑番号＋名称を確認できず。家具・収納等の未公開/未整備カテゴリを含む
838,,,未特定,,,,2026-08-23時点の公開攻略DBで図鑑番号＋名称を確認できず。家具・収納等の未公開/未整備カテゴリを含む
839,,,未特定,,,,2026-08-23時点の公開攻略DBで図鑑番号＋名称を確認できず。家具・収納等の未公開/未整備カテゴリを含む
840,,,未特定,,,,2026-08-23時点の公開攻略DBで図鑑番号＋名称を確認できず。家具・収納等の未公開/未整備カテゴリを含む
841,,,未特定,,,,2026-08-23時点の公開攻略DBで図鑑番号＋名称を確認できず。家具・収納等の未公開/未整備カテゴリを含む
842,,,未特定,,,,2026-08-23時点の公開攻略DBで図鑑番号＋名称を確認できず。家具・収納等の未公開/未整備カテゴリを含む
843,,,未特定,,,,2026-08-23時点の公開攻略DBで図鑑番号＋名称を確認できず。家具・収納等の未公開/未整備カテゴリを含む
844,,,未特定,,,,2026-08-23時点の公開攻略DBで図鑑番号＋名称を確認できず。家具・収納等の未公開/未整備カテゴリを含む
845,,,未特定,,,,2026-08-23時点の公開攻略DBで図鑑番号＋名称を確認できず。家具・収納等の未公開/未整備カテゴリを含む
846,,,未特定,,,,2026-08-23時点の公開攻略DBで図鑑番号＋名称を確認できず。家具・収納等の未公開/未整備カテゴリを含む
847,,,未特定,,,,2026-08-23時点の公開攻略DBで図鑑番号＋名称を確認できず。家具・収納等の未公開/未整備カテゴリを含む
848,,,未特定,,,,2026-08-23時点の公開攻略DBで図鑑番号＋名称を確認できず。家具・収納等の未公開/未整備カテゴリを含む
849,,,未特定,,,,2026-08-23時点の公開攻略DBで図鑑番号＋名称を確認できず。家具・収納等の未公開/未整備カテゴリを含む
850,,,未特定,,,,2026-08-23時点の公開攻略DBで図鑑番号＋名称を確認できず。家具・収納等の未公開/未整備カテゴリを含む
851,,,未特定,,,,2026-08-23時点の公開攻略DBで図鑑番号＋名称を確認できず。家具・収納等の未公開/未整備カテゴリを含む
852,,,未特定,,,,2026-08-23時点の公開攻略DBで図鑑番号＋名称を確認できず。家具・収納等の未公開/未整備カテゴリを含む
853,,,未特定,,,,2026-08-23時点の公開攻略DBで図鑑番号＋名称を確認できず。家具・収納等の未公開/未整備カテゴリを含む
854,,,未特定,,,,2026-08-23時点の公開攻略DBで図鑑番号＋名称を確認できず。家具・収納等の未公開/未整備カテゴリを含む
855,,,未特定,,,,2026-08-23時点の公開攻略DBで図鑑番号＋名称を確認できず。家具・収納等の未公開/未整備カテゴリを含む
856,,,未特定,,,,2026-08-23時点の公開攻略DBで図鑑番号＋名称を確認できず。家具・収納等の未公開/未整備カテゴリを含む
857,,,未特定,,,,2026-08-23時点の公開攻略DBで図鑑番号＋名称を確認できず。家具・収納等の未公開/未整備カテゴリを含む
858,,,未特定,,,,2026-08-23時点の公開攻略DBで図鑑番号＋名称を確認できず。家具・収納等の未公開/未整備カテゴリを含む
859,,,未特定,,,,2026-08-23時点の公開攻略DBで図鑑番号＋名称を確認できず。家具・収納等の未公開/未整備カテゴリを含む
860,,,未特定,,,,2026-08-23時点の公開攻略DBで図鑑番号＋名称を確認できず。家具・収納等の未公開/未整備カテゴリを含む
861,,,未特定,,,,2026-08-23時点の公開攻略DBで図鑑番号＋名称を確認できず。家具・収納等の未公開/未整備カテゴリを含む
862,,,未特定,,,,2026-08-23時点の公開攻略DBで図鑑番号＋名称を確認できず。家具・収納等の未公開/未整備カテゴリを含む
863,,,未特定,,,,2026-08-23時点の公開攻略DBで図鑑番号＋名称を確認できず。家具・収納等の未公開/未整備カテゴリを含む
864,,,未特定,,,,2026-08-23時点の公開攻略DBで図鑑番号＋名称を確認できず。家具・収納等の未公開/未整備カテゴリを含む
865,,,未特定,,,,2026-08-23時点の公開攻略DBで図鑑番号＋名称を確認できず。家具・収納等の未公開/未整備カテゴリを含む
866,,,未特定,,,,2026-08-23時点の公開攻略DBで図鑑番号＋名称を確認できず。家具・収納等の未公開/未整備カテゴリを含む
867,,,未特定,,,,2026-08-23時点の公開攻略DBで図鑑番号＋名称を確認できず。家具・収納等の未公開/未整備カテゴリを含む
868,,,未特定,,,,2026-08-23時点の公開攻略DBで図鑑番号＋名称を確認できず。家具・収納等の未公開/未整備カテゴリを含む
869,,,未特定,,,,2026-08-23時点の公開攻略DBで図鑑番号＋名称を確認できず。家具・収納等の未公開/未整備カテゴリを含む
870,,,未特定,,,,2026-08-23時点の公開攻略DBで図鑑番号＋名称を確認できず。家具・収納等の未公開/未整備カテゴリを含む
871,,,未特定,,,,2026-08-23時点の公開攻略DBで図鑑番号＋名称を確認できず。家具・収納等の未公開/未整備カテゴリを含む
872,,,未特定,,,,2026-08-23時点の公開攻略DBで図鑑番号＋名称を確認できず。家具・収納等の未公開/未整備カテゴリを含む
873,,,未特定,,,,2026-08-23時点の公開攻略DBで図鑑番号＋名称を確認できず。家具・収納等の未公開/未整備カテゴリを含む
874,,,未特定,,,,2026-08-23時点の公開攻略DBで図鑑番号＋名称を確認できず。家具・収納等の未公開/未整備カテゴリを含む
875,,,未特定,,,,2026-08-23時点の公開攻略DBで図鑑番号＋名称を確認できず。家具・収納等の未公開/未整備カテゴリを含む
876,,,未特定,,,,2026-08-23時点の公開攻略DBで図鑑番号＋名称を確認できず。家具・収納等の未公開/未整備カテゴリを含む
877,,,未特定,,,,2026-08-23時点の公開攻略DBで図鑑番号＋名称を確認できず。家具・収納等の未公開/未整備カテゴリを含む
878,,,未特定,,,,2026-08-23時点の公開攻略DBで図鑑番号＋名称を確認できず。家具・収納等の未公開/未整備カテゴリを含む
879,,,未特定,,,,2026-08-23時点の公開攻略DBで図鑑番号＋名称を確認できず。家具・収納等の未公開/未整備カテゴリを含む
880,,,未特定,,,,2026-08-23時点の公開攻略DBで図鑑番号＋名称を確認できず。家具・収納等の未公開/未整備カテゴリを含む
881,,,未特定,,,,2026-08-23時点の公開攻略DBで図鑑番号＋名称を確認できず。家具・収納等の未公開/未整備カテゴリを含む
882,,,未特定,,,,2026-08-23時点の公開攻略DBで図鑑番号＋名称を確認できず。家具・収納等の未公開/未整備カテゴリを含む
883,,,未特定,,,,2026-08-23時点の公開攻略DBで図鑑番号＋名称を確認できず。家具・収納等の未公開/未整備カテゴリを含む
884,,,未特定,,,,2026-08-23時点の公開攻略DBで図鑑番号＋名称を確認できず。家具・収納等の未公開/未整備カテゴリを含む
885,,,未特定,,,,2026-08-23時点の公開攻略DBで図鑑番号＋名称を確認できず。家具・収納等の未公開/未整備カテゴリを含む
886,,,未特定,,,,2026-08-23時点の公開攻略DBで図鑑番号＋名称を確認できず。家具・収納等の未公開/未整備カテゴリを含む
887,,,未特定,,,,2026-08-23時点の公開攻略DBで図鑑番号＋名称を確認できず。家具・収納等の未公開/未整備カテゴリを含む
888,,,未特定,,,,2026-08-23時点の公開攻略DBで図鑑番号＋名称を確認できず。家具・収納等の未公開/未整備カテゴリを含む
889,,,未特定,,,,2026-08-23時点の公開攻略DBで図鑑番号＋名称を確認できず。家具・収納等の未公開/未整備カテゴリを含む
890,,,未特定,,,,2026-08-23時点の公開攻略DBで図鑑番号＋名称を確認できず。家具・収納等の未公開/未整備カテゴリを含む
891,,,未特定,,,,2026-08-23時点の公開攻略DBで図鑑番号＋名称を確認できず。家具・収納等の未公開/未整備カテゴリを含む
892,,,未特定,,,,2026-08-23時点の公開攻略DBで図鑑番号＋名称を確認できず。家具・収納等の未公開/未整備カテゴリを含む
893,,,未特定,,,,2026-08-23時点の公開攻略DBで図鑑番号＋名称を確認できず。家具・収納等の未公開/未整備カテゴリを含む
894,,,未特定,,,,2026-08-23時点の公開攻略DBで図鑑番号＋名称を確認できず。家具・収納等の未公開/未整備カテゴリを含む
895,,,未特定,,,,2026-08-23時点の公開攻略DBで図鑑番号＋名称を確認できず。家具・収納等の未公開/未整備カテゴリを含む
896,,,未特定,,,,2026-08-23時点の公開攻略DBで図鑑番号＋名称を確認できず。家具・収納等の未公開/未整備カテゴリを含む
897,,,未特定,,,,2026-08-23時点の公開攻略DBで図鑑番号＋名称を確認できず。家具・収納等の未公開/未整備カテゴリを含む
898,,,未特定,,,,2026-08-23時点の公開攻略DBで図鑑番号＋名称を確認できず。家具・収納等の未公開/未整備カテゴリを含む
899,,,未特定,,,,2026-08-23時点の公開攻略DBで図鑑番号＋名称を確認できず。家具・収納等の未公開/未整備カテゴリを含む
900,,,未特定,,,,2026-08-23時点の公開攻略DBで図鑑番号＋名称を確認できず。家具・収納等の未公開/未整備カテゴリを含む
901,,,未特定,,,,2026-08-23時点の公開攻略DBで図鑑番号＋名称を確認できず。家具・収納等の未公開/未整備カテゴリを含む
902,,,未特定,,,,2026-08-23時点の公開攻略DBで図鑑番号＋名称を確認できず。家具・収納等の未公開/未整備カテゴリを含む
903,,,未特定,,,,2026-08-23時点の公開攻略DBで図鑑番号＋名称を確認できず。家具・収納等の未公開/未整備カテゴリを含む
904,,,未特定,,,,2026-08-23時点の公開攻略DBで図鑑番号＋名称を確認できず。家具・収納等の未公開/未整備カテゴリを含む
905,,,未特定,,,,2026-08-23時点の公開攻略DBで図鑑番号＋名称を確認できず。家具・収納等の未公開/未整備カテゴリを含む
906,,,未特定,,,,2026-08-23時点の公開攻略DBで図鑑番号＋名称を確認できず。家具・収納等の未公開/未整備カテゴリを含む
907,,,未特定,,,,2026-08-23時点の公開攻略DBで図鑑番号＋名称を確認できず。家具・収納等の未公開/未整備カテゴリを含む
908,,,未特定,,,,2026-08-23時点の公開攻略DBで図鑑番号＋名称を確認できず。家具・収納等の未公開/未整備カテゴリを含む
909,,,未特定,,,,2026-08-23時点の公開攻略DBで図鑑番号＋名称を確認できず。家具・収納等の未公開/未整備カテゴリを含む
910,,,未特定,,,,2026-08-23時点の公開攻略DBで図鑑番号＋名称を確認できず。家具・収納等の未公開/未整備カテゴリを含む
911,,,未特定,,,,2026-08-23時点の公開攻略DBで図鑑番号＋名称を確認できず。家具・収納等の未公開/未整備カテゴリを含む
912,,,未特定,,,,2026-08-23時点の公開攻略DBで図鑑番号＋名称を確認できず。家具・収納等の未公開/未整備カテゴリを含む
913,,,未特定,,,,2026-08-23時点の公開攻略DBで図鑑番号＋名称を確認できず。家具・収納等の未公開/未整備カテゴリを含む
914,,,未特定,,,,2026-08-23時点の公開攻略DBで図鑑番号＋名称を確認できず。家具・収納等の未公開/未整備カテゴリを含む
915,,,未特定,,,,2026-08-23時点の公開攻略DBで図鑑番号＋名称を確認できず。家具・収納等の未公開/未整備カテゴリを含む
916,,,未特定,,,,2026-08-23時点の公開攻略DBで図鑑番号＋名称を確認できず。家具・収納等の未公開/未整備カテゴリを含む
917,,,未特定,,,,2026-08-23時点の公開攻略DBで図鑑番号＋名称を確認できず。家具・収納等の未公開/未整備カテゴリを含む
918,,,未特定,,,,2026-08-23時点の公開攻略DBで図鑑番号＋名称を確認できず。家具・収納等の未公開/未整備カテゴリを含む
919,,,未特定,,,,2026-08-23時点の公開攻略DBで図鑑番号＋名称を確認できず。家具・収納等の未公開/未整備カテゴリを含む
920,,,未特定,,,,2026-08-23時点の公開攻略DBで図鑑番号＋名称を確認できず。家具・収納等の未公開/未整備カテゴリを含む
921,,,未特定,,,,2026-08-23時点の公開攻略DBで図鑑番号＋名称を確認できず。家具・収納等の未公開/未整備カテゴリを含む
922,,,未特定,,,,2026-08-23時点の公開攻略DBで図鑑番号＋名称を確認できず。家具・収納等の未公開/未整備カテゴリを含む
923,,,未特定,,,,2026-08-23時点の公開攻略DBで図鑑番号＋名称を確認できず。家具・収納等の未公開/未整備カテゴリを含む
924,,,未特定,,,,2026-08-23時点の公開攻略DBで図鑑番号＋名称を確認できず。家具・収納等の未公開/未整備カテゴリを含む
925,,,未特定,,,,2026-08-23時点の公開攻略DBで図鑑番号＋名称を確認できず。家具・収納等の未公開/未整備カテゴリを含む
926,,,未特定,,,,2026-08-23時点の公開攻略DBで図鑑番号＋名称を確認できず。家具・収納等の未公開/未整備カテゴリを含む
927,,,未特定,,,,2026-08-23時点の公開攻略DBで図鑑番号＋名称を確認できず。家具・収納等の未公開/未整備カテゴリを含む
928,,,未特定,,,,2026-08-23時点の公開攻略DBで図鑑番号＋名称を確認できず。家具・収納等の未公開/未整備カテゴリを含む
929,,,未特定,,,,2026-08-23時点の公開攻略DBで図鑑番号＋名称を確認できず。家具・収納等の未公開/未整備カテゴリを含む
930,,,未特定,,,,2026-08-23時点の公開攻略DBで図鑑番号＋名称を確認できず。家具・収納等の未公開/未整備カテゴリを含む
931,,,未特定,,,,2026-08-23時点の公開攻略DBで図鑑番号＋名称を確認できず。家具・収納等の未公開/未整備カテゴリを含む
932,,,未特定,,,,2026-08-23時点の公開攻略DBで図鑑番号＋名称を確認できず。家具・収納等の未公開/未整備カテゴリを含む
933,,,未特定,,,,2026-08-23時点の公開攻略DBで図鑑番号＋名称を確認できず。家具・収納等の未公開/未整備カテゴリを含む
934,,,未特定,,,,2026-08-23時点の公開攻略DBで図鑑番号＋名称を確認できず。家具・収納等の未公開/未整備カテゴリを含む
935,,,未特定,,,,2026-08-23時点の公開攻略DBで図鑑番号＋名称を確認できず。家具・収納等の未公開/未整備カテゴリを含む
936,,,未特定,,,,2026-08-23時点の公開攻略DBで図鑑番号＋名称を確認できず。家具・収納等の未公開/未整備カテゴリを含む
937,,,未特定,,,,2026-08-23時点の公開攻略DBで図鑑番号＋名称を確認できず。家具・収納等の未公開/未整備カテゴリを含む
938,,,未特定,,,,2026-08-23時点の公開攻略DBで図鑑番号＋名称を確認できず。家具・収納等の未公開/未整備カテゴリを含む
939,,,未特定,,,,2026-08-23時点の公開攻略DBで図鑑番号＋名称を確認できず。家具・収納等の未公開/未整備カテゴリを含む
940,,,未特定,,,,2026-08-23時点の公開攻略DBで図鑑番号＋名称を確認できず。家具・収納等の未公開/未整備カテゴリを含む
941,,,未特定,,,,2026-08-23時点の公開攻略DBで図鑑番号＋名称を確認できず。家具・収納等の未公開/未整備カテゴリを含む
942,,,未特定,,,,2026-08-23時点の公開攻略DBで図鑑番号＋名称を確認できず。家具・収納等の未公開/未整備カテゴリを含む
943,,,未特定,,,,2026-08-23時点の公開攻略DBで図鑑番号＋名称を確認できず。家具・収納等の未公開/未整備カテゴリを含む
944,,,未特定,,,,2026-08-23時点の公開攻略DBで図鑑番号＋名称を確認できず。家具・収納等の未公開/未整備カテゴリを含む
945,,,未特定,,,,2026-08-23時点の公開攻略DBで図鑑番号＋名称を確認できず。家具・収納等の未公開/未整備カテゴリを含む
946,,,未特定,,,,2026-08-23時点の公開攻略DBで図鑑番号＋名称を確認できず。家具・収納等の未公開/未整備カテゴリを含む
947,,,未特定,,,,2026-08-23時点の公開攻略DBで図鑑番号＋名称を確認できず。家具・収納等の未公開/未整備カテゴリを含む
948,,,未特定,,,,2026-08-23時点の公開攻略DBで図鑑番号＋名称を確認できず。家具・収納等の未公開/未整備カテゴリを含む
949,,,未特定,,,,2026-08-23時点の公開攻略DBで図鑑番号＋名称を確認できず。家具・収納等の未公開/未整備カテゴリを含む
950,,,未特定,,,,2026-08-23時点の公開攻略DBで図鑑番号＋名称を確認できず。家具・収納等の未公開/未整備カテゴリを含む
951,,,未特定,,,,2026-08-23時点の公開攻略DBで図鑑番号＋名称を確認できず。家具・収納等の未公開/未整備カテゴリを含む
952,,,未特定,,,,2026-08-23時点の公開攻略DBで図鑑番号＋名称を確認できず。家具・収納等の未公開/未整備カテゴリを含む
953,,,未特定,,,,2026-08-23時点の公開攻略DBで図鑑番号＋名称を確認できず。家具・収納等の未公開/未整備カテゴリを含む
954,,,未特定,,,,2026-08-23時点の公開攻略DBで図鑑番号＋名称を確認できず。家具・収納等の未公開/未整備カテゴリを含む
955,,,未特定,,,,2026-08-23時点の公開攻略DBで図鑑番号＋名称を確認できず。家具・収納等の未公開/未整備カテゴリを含む
956,,,未特定,,,,2026-08-23時点の公開攻略DBで図鑑番号＋名称を確認できず。家具・収納等の未公開/未整備カテゴリを含む
957,,,未特定,,,,2026-08-23時点の公開攻略DBで図鑑番号＋名称を確認できず。家具・収納等の未公開/未整備カテゴリを含む
958,,,未特定,,,,2026-08-23時点の公開攻略DBで図鑑番号＋名称を確認できず。家具・収納等の未公開/未整備カテゴリを含む
959,,,未特定,,,,2026-08-23時点の公開攻略DBで図鑑番号＋名称を確認できず。家具・収納等の未公開/未整備カテゴリを含む
960,,,未特定,,,,2026-08-23時点の公開攻略DBで図鑑番号＋名称を確認できず。家具・収納等の未公開/未整備カテゴリを含む
961,,,未特定,,,,2026-08-23時点の公開攻略DBで図鑑番号＋名称を確認できず。家具・収納等の未公開/未整備カテゴリを含む
962,,,未特定,,,,2026-08-23時点の公開攻略DBで図鑑番号＋名称を確認できず。家具・収納等の未公開/未整備カテゴリを含む
963,,,未特定,,,,2026-08-23時点の公開攻略DBで図鑑番号＋名称を確認できず。家具・収納等の未公開/未整備カテゴリを含む
964,,,未特定,,,,2026-08-23時点の公開攻略DBで図鑑番号＋名称を確認できず。家具・収納等の未公開/未整備カテゴリを含む
965,,,未特定,,,,2026-08-23時点の公開攻略DBで図鑑番号＋名称を確認できず。家具・収納等の未公開/未整備カテゴリを含む
966,,,未特定,,,,2026-08-23時点の公開攻略DBで図鑑番号＋名称を確認できず。家具・収納等の未公開/未整備カテゴリを含む
967,,,未特定,,,,2026-08-23時点の公開攻略DBで図鑑番号＋名称を確認できず。家具・収納等の未公開/未整備カテゴリを含む
968,,,未特定,,,,2026-08-23時点の公開攻略DBで図鑑番号＋名称を確認できず。家具・収納等の未公開/未整備カテゴリを含む
969,,,未特定,,,,2026-08-23時点の公開攻略DBで図鑑番号＋名称を確認できず。家具・収納等の未公開/未整備カテゴリを含む
970,,,未特定,,,,2026-08-23時点の公開攻略DBで図鑑番号＋名称を確認できず。家具・収納等の未公開/未整備カテゴリを含む
971,,,未特定,,,,2026-08-23時点の公開攻略DBで図鑑番号＋名称を確認できず。家具・収納等の未公開/未整備カテゴリを含む
972,,,未特定,,,,2026-08-23時点の公開攻略DBで図鑑番号＋名称を確認できず。家具・収納等の未公開/未整備カテゴリを含む
973,,,未特定,,,,2026-08-23時点の公開攻略DBで図鑑番号＋名称を確認できず。家具・収納等の未公開/未整備カテゴリを含む
974,,,未特定,,,,2026-08-23時点の公開攻略DBで図鑑番号＋名称を確認できず。家具・収納等の未公開/未整備カテゴリを含む
975,,,未特定,,,,2026-08-23時点の公開攻略DBで図鑑番号＋名称を確認できず。家具・収納等の未公開/未整備カテゴリを含む
976,,,未特定,,,,2026-08-23時点の公開攻略DBで図鑑番号＋名称を確認できず。家具・収納等の未公開/未整備カテゴリを含む
977,,,未特定,,,,2026-08-23時点の公開攻略DBで図鑑番号＋名称を確認できず。家具・収納等の未公開/未整備カテゴリを含む
978,,,未特定,,,,2026-08-23時点の公開攻略DBで図鑑番号＋名称を確認できず。家具・収納等の未公開/未整備カテゴリを含む
979,,,未特定,,,,2026-08-23時点の公開攻略DBで図鑑番号＋名称を確認できず。家具・収納等の未公開/未整備カテゴリを含む
980,,,未特定,,,,2026-08-23時点の公開攻略DBで図鑑番号＋名称を確認できず。家具・収納等の未公開/未整備カテゴリを含む
981,,,未特定,,,,2026-08-23時点の公開攻略DBで図鑑番号＋名称を確認できず。家具・収納等の未公開/未整備カテゴリを含む
982,,,未特定,,,,2026-08-23時点の公開攻略DBで図鑑番号＋名称を確認できず。家具・収納等の未公開/未整備カテゴリを含む
983,,,未特定,,,,2026-08-23時点の公開攻略DBで図鑑番号＋名称を確認できず。家具・収納等の未公開/未整備カテゴリを含む
984,,,未特定,,,,2026-08-23時点の公開攻略DBで図鑑番号＋名称を確認できず。家具・収納等の未公開/未整備カテゴリを含む
985,,,未特定,,,,2026-08-23時点の公開攻略DBで図鑑番号＋名称を確認できず。家具・収納等の未公開/未整備カテゴリを含む
986,,,未特定,,,,2026-08-23時点の公開攻略DBで図鑑番号＋名称を確認できず。家具・収納等の未公開/未整備カテゴリを含む
987,,,未特定,,,,2026-08-23時点の公開攻略DBで図鑑番号＋名称を確認できず。家具・収納等の未公開/未整備カテゴリを含む
988,,,未特定,,,,2026-08-23時点の公開攻略DBで図鑑番号＋名称を確認できず。家具・収納等の未公開/未整備カテゴリを含む
989,,,未特定,,,,2026-08-23時点の公開攻略DBで図鑑番号＋名称を確認できず。家具・収納等の未公開/未整備カテゴリを含む
990,,,未特定,,,,2026-08-23時点の公開攻略DBで図鑑番号＋名称を確認できず。家具・収納等の未公開/未整備カテゴリを含む
991,,,未特定,,,,2026-08-23時点の公開攻略DBで図鑑番号＋名称を確認できず。家具・収納等の未公開/未整備カテゴリを含む
992,,,未特定,,,,2026-08-23時点の公開攻略DBで図鑑番号＋名称を確認できず。家具・収納等の未公開/未整備カテゴリを含む
993,,,未特定,,,,2026-08-23時点の公開攻略DBで図鑑番号＋名称を確認できず。家具・収納等の未公開/未整備カテゴリを含む
994,,,未特定,,,,2026-08-23時点の公開攻略DBで図鑑番号＋名称を確認できず。家具・収納等の未公開/未整備カテゴリを含む
995,,,未特定,,,,2026-08-23時点の公開攻略DBで図鑑番号＋名称を確認できず。家具・収納等の未公開/未整備カテゴリを含む
996,,,未特定,,,,2026-08-23時点の公開攻略DBで図鑑番号＋名称を確認できず。家具・収納等の未公開/未整備カテゴリを含む
997,,,未特定,,,,2026-08-23時点の公開攻略DBで図鑑番号＋名称を確認できず。家具・収納等の未公開/未整備カテゴリを含む
998,,,未特定,,,,2026-08-23時点の公開攻略DBで図鑑番号＋名称を確認できず。家具・収納等の未公開/未整備カテゴリを含む
999,,,未特定,,,,2026-08-23時点の公開攻略DBで図鑑番号＋名称を確認できず。家具・収納等の未公開/未整備カテゴリを含む
1000,,,未特定,,,,2026-08-23時点の公開攻略DBで図鑑番号＋名称を確認できず。家具・収納等の未公開/未整備カテゴリを含む
1001,,,未特定,,,,2026-08-23時点の公開攻略DBで図鑑番号＋名称を確認できず。家具・収納等の未公開/未整備カテゴリを含む
1002,,,未特定,,,,2026-08-23時点の公開攻略DBで図鑑番号＋名称を確認できず。家具・収納等の未公開/未整備カテゴリを含む
1003,,,未特定,,,,2026-08-23時点の公開攻略DBで図鑑番号＋名称を確認できず。家具・収納等の未公開/未整備カテゴリを含む
1004,,,未特定,,,,2026-08-23時点の公開攻略DBで図鑑番号＋名称を確認できず。家具・収納等の未公開/未整備カテゴリを含む
1005,,,未特定,,,,2026-08-23時点の公開攻略DBで図鑑番号＋名称を確認できず。家具・収納等の未公開/未整備カテゴリを含む
1006,,,未特定,,,,2026-08-23時点の公開攻略DBで図鑑番号＋名称を確認できず。家具・収納等の未公開/未整備カテゴリを含む
1007,,,未特定,,,,2026-08-23時点の公開攻略DBで図鑑番号＋名称を確認できず。家具・収納等の未公開/未整備カテゴリを含む
1008,,,未特定,,,,2026-08-23時点の公開攻略DBで図鑑番号＋名称を確認できず。家具・収納等の未公開/未整備カテゴリを含む
1009,,,未特定,,,,2026-08-23時点の公開攻略DBで図鑑番号＋名称を確認できず。家具・収納等の未公開/未整備カテゴリを含む
1010,,,未特定,,,,2026-08-23時点の公開攻略DBで図鑑番号＋名称を確認できず。家具・収納等の未公開/未整備カテゴリを含む
1011,,,未特定,,,,2026-08-23時点の公開攻略DBで図鑑番号＋名称を確認できず。家具・収納等の未公開/未整備カテゴリを含む
1012,,,未特定,,,,2026-08-23時点の公開攻略DBで図鑑番号＋名称を確認できず。家具・収納等の未公開/未整備カテゴリを含む
1013,,,未特定,,,,2026-08-23時点の公開攻略DBで図鑑番号＋名称を確認できず。家具・収納等の未公開/未整備カテゴリを含む
1014,,,未特定,,,,2026-08-23時点の公開攻略DBで図鑑番号＋名称を確認できず。家具・収納等の未公開/未整備カテゴリを含む
1015,,,未特定,,,,2026-08-23時点の公開攻略DBで図鑑番号＋名称を確認できず。家具・収納等の未公開/未整備カテゴリを含む
1016,,,未特定,,,,2026-08-23時点の公開攻略DBで図鑑番号＋名称を確認できず。家具・収納等の未公開/未整備カテゴリを含む
1017,,,未特定,,,,2026-08-23時点の公開攻略DBで図鑑番号＋名称を確認できず。家具・収納等の未公開/未整備カテゴリを含む
1018,,,未特定,,,,2026-08-23時点の公開攻略DBで図鑑番号＋名称を確認できず。家具・収納等の未公開/未整備カテゴリを含む
1019,,,未特定,,,,2026-08-23時点の公開攻略DBで図鑑番号＋名称を確認できず。家具・収納等の未公開/未整備カテゴリを含む
1020,,,未特定,,,,2026-08-23時点の公開攻略DBで図鑑番号＋名称を確認できず。家具・収納等の未公開/未整備カテゴリを含む
1021,,,未特定,,,,2026-08-23時点の公開攻略DBで図鑑番号＋名称を確認できず。家具・収納等の未公開/未整備カテゴリを含む
1022,,,未特定,,,,2026-08-23時点の公開攻略DBで図鑑番号＋名称を確認できず。家具・収納等の未公開/未整備カテゴリを含む
1023,,,未特定,,,,2026-08-23時点の公開攻略DBで図鑑番号＋名称を確認できず。家具・収納等の未公開/未整備カテゴリを含む
1024,,,未特定,,,,2026-08-23時点の公開攻略DBで図鑑番号＋名称を確認できず。家具・収納等の未公開/未整備カテゴリを含む
1025,,,未特定,,,,2026-08-23時点の公開攻略DBで図鑑番号＋名称を確認できず。家具・収納等の未公開/未整備カテゴリを含む
1026,,,未特定,,,,2026-08-23時点の公開攻略DBで図鑑番号＋名称を確認できず。家具・収納等の未公開/未整備カテゴリを含む
1027,,,未特定,,,,2026-08-23時点の公開攻略DBで図鑑番号＋名称を確認できず。家具・収納等の未公開/未整備カテゴリを含む
1028,,,未特定,,,,2026-08-23時点の公開攻略DBで図鑑番号＋名称を確認できず。家具・収納等の未公開/未整備カテゴリを含む
1029,,,未特定,,,,2026-08-23時点の公開攻略DBで図鑑番号＋名称を確認できず。家具・収納等の未公開/未整備カテゴリを含む
1030,,,未特定,,,,2026-08-23時点の公開攻略DBで図鑑番号＋名称を確認できず。家具・収納等の未公開/未整備カテゴリを含む
1031,,,未特定,,,,2026-08-23時点の公開攻略DBで図鑑番号＋名称を確認できず。家具・収納等の未公開/未整備カテゴリを含む
1032,,,未特定,,,,2026-08-23時点の公開攻略DBで図鑑番号＋名称を確認できず。家具・収納等の未公開/未整備カテゴリを含む
1033,,,未特定,,,,2026-08-23時点の公開攻略DBで図鑑番号＋名称を確認できず。家具・収納等の未公開/未整備カテゴリを含む
1034,,,未特定,,,,2026-08-23時点の公開攻略DBで図鑑番号＋名称を確認できず。家具・収納等の未公開/未整備カテゴリを含む
1035,,,未特定,,,,2026-08-23時点の公開攻略DBで図鑑番号＋名称を確認できず。家具・収納等の未公開/未整備カテゴリを含む
1036,,,未特定,,,,2026-08-23時点の公開攻略DBで図鑑番号＋名称を確認できず。家具・収納等の未公開/未整備カテゴリを含む
1037,,,未特定,,,,2026-08-23時点の公開攻略DBで図鑑番号＋名称を確認できず。家具・収納等の未公開/未整備カテゴリを含む
1038,,,未特定,,,,2026-08-23時点の公開攻略DBで図鑑番号＋名称を確認できず。家具・収納等の未公開/未整備カテゴリを含む
1039,,,未特定,,,,2026-08-23時点の公開攻略DBで図鑑番号＋名称を確認できず。家具・収納等の未公開/未整備カテゴリを含む
1040,,,未特定,,,,2026-08-23時点の公開攻略DBで図鑑番号＋名称を確認できず。家具・収納等の未公開/未整備カテゴリを含む
1041,,,未特定,,,,2026-08-23時点の公開攻略DBで図鑑番号＋名称を確認できず。家具・収納等の未公開/未整備カテゴリを含む
1042,,,未特定,,,,2026-08-23時点の公開攻略DBで図鑑番号＋名称を確認できず。家具・収納等の未公開/未整備カテゴリを含む
1043,,,未特定,,,,2026-08-23時点の公開攻略DBで図鑑番号＋名称を確認できず。家具・収納等の未公開/未整備カテゴリを含む
1044,,,未特定,,,,2026-08-23時点の公開攻略DBで図鑑番号＋名称を確認できず。家具・収納等の未公開/未整備カテゴリを含む
1045,,,未特定,,,,2026-08-23時点の公開攻略DBで図鑑番号＋名称を確認できず。家具・収納等の未公開/未整備カテゴリを含む
1046,,,未特定,,,,2026-08-23時点の公開攻略DBで図鑑番号＋名称を確認できず。家具・収納等の未公開/未整備カテゴリを含む
1047,,,未特定,,,,2026-08-23時点の公開攻略DBで図鑑番号＋名称を確認できず。家具・収納等の未公開/未整備カテゴリを含む
1048,,,未特定,,,,2026-08-23時点の公開攻略DBで図鑑番号＋名称を確認できず。家具・収納等の未公開/未整備カテゴリを含む
1049,,,未特定,,,,2026-08-23時点の公開攻略DBで図鑑番号＋名称を確認できず。家具・収納等の未公開/未整備カテゴリを含む
1050,,,未特定,,,,2026-08-23時点の公開攻略DBで図鑑番号＋名称を確認できず。家具・収納等の未公開/未整備カテゴリを含む
1051,,,未特定,,,,2026-08-23時点の公開攻略DBで図鑑番号＋名称を確認できず。家具・収納等の未公開/未整備カテゴリを含む
1052,,,未特定,,,,2026-08-23時点の公開攻略DBで図鑑番号＋名称を確認できず。家具・収納等の未公開/未整備カテゴリを含む
1053,,,未特定,,,,2026-08-23時点の公開攻略DBで図鑑番号＋名称を確認できず。家具・収納等の未公開/未整備カテゴリを含む
1054,,,未特定,,,,2026-08-23時点の公開攻略DBで図鑑番号＋名称を確認できず。家具・収納等の未公開/未整備カテゴリを含む
1055,,,未特定,,,,2026-08-23時点の公開攻略DBで図鑑番号＋名称を確認できず。家具・収納等の未公開/未整備カテゴリを含む
1056,,,未特定,,,,2026-08-23時点の公開攻略DBで図鑑番号＋名称を確認できず。家具・収納等の未公開/未整備カテゴリを含む
1057,,,未特定,,,,2026-08-23時点の公開攻略DBで図鑑番号＋名称を確認できず。家具・収納等の未公開/未整備カテゴリを含む
1058,,,未特定,,,,2026-08-23時点の公開攻略DBで図鑑番号＋名称を確認できず。家具・収納等の未公開/未整備カテゴリを含む
1059,,,未特定,,,,2026-08-23時点の公開攻略DBで図鑑番号＋名称を確認できず。家具・収納等の未公開/未整備カテゴリを含む
1060,,,未特定,,,,2026-08-23時点の公開攻略DBで図鑑番号＋名称を確認できず。家具・収納等の未公開/未整備カテゴリを含む
1061,,,未特定,,,,2026-08-23時点の公開攻略DBで図鑑番号＋名称を確認できず。家具・収納等の未公開/未整備カテゴリを含む
1062,,,未特定,,,,2026-08-23時点の公開攻略DBで図鑑番号＋名称を確認できず。家具・収納等の未公開/未整備カテゴリを含む
1063,,,未特定,,,,2026-08-23時点の公開攻略DBで図鑑番号＋名称を確認できず。家具・収納等の未公開/未整備カテゴリを含む
1064,,,未特定,,,,2026-08-23時点の公開攻略DBで図鑑番号＋名称を確認できず。家具・収納等の未公開/未整備カテゴリを含む
1065,,,未特定,,,,2026-08-23時点の公開攻略DBで図鑑番号＋名称を確認できず。家具・収納等の未公開/未整備カテゴリを含む
1066,,,未特定,,,,2026-08-23時点の公開攻略DBで図鑑番号＋名称を確認できず。家具・収納等の未公開/未整備カテゴリを含む
1067,,,未特定,,,,2026-08-23時点の公開攻略DBで図鑑番号＋名称を確認できず。家具・収納等の未公開/未整備カテゴリを含む
1068,,,未特定,,,,2026-08-23時点の公開攻略DBで図鑑番号＋名称を確認できず。家具・収納等の未公開/未整備カテゴリを含む
1069,,,未特定,,,,2026-08-23時点の公開攻略DBで図鑑番号＋名称を確認できず。家具・収納等の未公開/未整備カテゴリを含む
1070,,,未特定,,,,2026-08-23時点の公開攻略DBで図鑑番号＋名称を確認できず。家具・収納等の未公開/未整備カテゴリを含む
1071,,,未特定,,,,2026-08-23時点の公開攻略DBで図鑑番号＋名称を確認できず。家具・収納等の未公開/未整備カテゴリを含む
1072,,,未特定,,,,2026-08-23時点の公開攻略DBで図鑑番号＋名称を確認できず。家具・収納等の未公開/未整備カテゴリを含む
1073,,,未特定,,,,2026-08-23時点の公開攻略DBで図鑑番号＋名称を確認できず。家具・収納等の未公開/未整備カテゴリを含む
1074,,,未特定,,,,2026-08-23時点の公開攻略DBで図鑑番号＋名称を確認できず。家具・収納等の未公開/未整備カテゴリを含む
1075,,,未特定,,,,2026-08-23時点の公開攻略DBで図鑑番号＋名称を確認できず。家具・収納等の未公開/未整備カテゴリを含む
1076,,,未特定,,,,2026-08-23時点の公開攻略DBで図鑑番号＋名称を確認できず。家具・収納等の未公開/未整備カテゴリを含む
1077,,,未特定,,,,2026-08-23時点の公開攻略DBで図鑑番号＋名称を確認できず。家具・収納等の未公開/未整備カテゴリを含む
1078,,,未特定,,,,2026-08-23時点の公開攻略DBで図鑑番号＋名称を確認できず。家具・収納等の未公開/未整備カテゴリを含む
1079,,,未特定,,,,2026-08-23時点の公開攻略DBで図鑑番号＋名称を確認できず。家具・収納等の未公開/未整備カテゴリを含む
1080,,,未特定,,,,2026-08-23時点の公開攻略DBで図鑑番号＋名称を確認できず。家具・収納等の未公開/未整備カテゴリを含む
1081,,,未特定,,,,2026-08-23時点の公開攻略DBで図鑑番号＋名称を確認できず。家具・収納等の未公開/未整備カテゴリを含む
1082,,,未特定,,,,2026-08-23時点の公開攻略DBで図鑑番号＋名称を確認できず。家具・収納等の未公開/未整備カテゴリを含む
1083,,,未特定,,,,2026-08-23時点の公開攻略DBで図鑑番号＋名称を確認できず。家具・収納等の未公開/未整備カテゴリを含む
1084,,,未特定,,,,2026-08-23時点の公開攻略DBで図鑑番号＋名称を確認できず。家具・収納等の未公開/未整備カテゴリを含む
1085,,,未特定,,,,2026-08-23時点の公開攻略DBで図鑑番号＋名称を確認できず。家具・収納等の未公開/未整備カテゴリを含む
1086,,,未特定,,,,2026-08-23時点の公開攻略DBで図鑑番号＋名称を確認できず。家具・収納等の未公開/未整備カテゴリを含む
1087,,,未特定,,,,2026-08-23時点の公開攻略DBで図鑑番号＋名称を確認できず。家具・収納等の未公開/未整備カテゴリを含む
1088,,,未特定,,,,2026-08-23時点の公開攻略DBで図鑑番号＋名称を確認できず。家具・収納等の未公開/未整備カテゴリを含む
1089,,,未特定,,,,2026-08-23時点の公開攻略DBで図鑑番号＋名称を確認できず。家具・収納等の未公開/未整備カテゴリを含む
1090,,,未特定,,,,2026-08-23時点の公開攻略DBで図鑑番号＋名称を確認できず。家具・収納等の未公開/未整備カテゴリを含む
1091,,,未特定,,,,2026-08-23時点の公開攻略DBで図鑑番号＋名称を確認できず。家具・収納等の未公開/未整備カテゴリを含む
1092,,,未特定,,,,2026-08-23時点の公開攻略DBで図鑑番号＋名称を確認できず。家具・収納等の未公開/未整備カテゴリを含む
1093,,,未特定,,,,2026-08-23時点の公開攻略DBで図鑑番号＋名称を確認できず。家具・収納等の未公開/未整備カテゴリを含む
1094,,,未特定,,,,2026-08-23時点の公開攻略DBで図鑑番号＋名称を確認できず。家具・収納等の未公開/未整備カテゴリを含む
1095,,,未特定,,,,2026-08-23時点の公開攻略DBで図鑑番号＋名称を確認できず。家具・収納等の未公開/未整備カテゴリを含む
1096,,,未特定,,,,2026-08-23時点の公開攻略DBで図鑑番号＋名称を確認できず。家具・収納等の未公開/未整備カテゴリを含む
1097,,,未特定,,,,2026-08-23時点の公開攻略DBで図鑑番号＋名称を確認できず。家具・収納等の未公開/未整備カテゴリを含む
1098,,,未特定,,,,2026-08-23時点の公開攻略DBで図鑑番号＋名称を確認できず。家具・収納等の未公開/未整備カテゴリを含む
1099,,,未特定,,,,2026-08-23時点の公開攻略DBで図鑑番号＋名称を確認できず。家具・収納等の未公開/未整備カテゴリを含む
1100,,,未特定,,,,2026-08-23時点の公開攻略DBで図鑑番号＋名称を確認できず。家具・収納等の未公開/未整備カテゴリを含む
1101,,,未特定,,,,2026-08-23時点の公開攻略DBで図鑑番号＋名称を確認できず。家具・収納等の未公開/未整備カテゴリを含む
1102,,,未特定,,,,2026-08-23時点の公開攻略DBで図鑑番号＋名称を確認できず。家具・収納等の未公開/未整備カテゴリを含む
1103,,,未特定,,,,2026-08-23時点の公開攻略DBで図鑑番号＋名称を確認できず。家具・収納等の未公開/未整備カテゴリを含む
1104,,,未特定,,,,2026-08-23時点の公開攻略DBで図鑑番号＋名称を確認できず。家具・収納等の未公開/未整備カテゴリを含む
1105,,,未特定,,,,2026-08-23時点の公開攻略DBで図鑑番号＋名称を確認できず。家具・収納等の未公開/未整備カテゴリを含む
1106,,,未特定,,,,2026-08-23時点の公開攻略DBで図鑑番号＋名称を確認できず。家具・収納等の未公開/未整備カテゴリを含む
1107,,,未特定,,,,2026-08-23時点の公開攻略DBで図鑑番号＋名称を確認できず。家具・収納等の未公開/未整備カテゴリを含む
1108,,,未特定,,,,2026-08-23時点の公開攻略DBで図鑑番号＋名称を確認できず。家具・収納等の未公開/未整備カテゴリを含む
1109,,,未特定,,,,2026-08-23時点の公開攻略DBで図鑑番号＋名称を確認できず。家具・収納等の未公開/未整備カテゴリを含む
1110,,,未特定,,,,2026-08-23時点の公開攻略DBで図鑑番号＋名称を確認できず。家具・収納等の未公開/未整備カテゴリを含む
1111,,,未特定,,,,2026-08-23時点の公開攻略DBで図鑑番号＋名称を確認できず。家具・収納等の未公開/未整備カテゴリを含む
1112,,,未特定,,,,2026-08-23時点の公開攻略DBで図鑑番号＋名称を確認できず。家具・収納等の未公開/未整備カテゴリを含む
1113,,,未特定,,,,2026-08-23時点の公開攻略DBで図鑑番号＋名称を確認できず。家具・収納等の未公開/未整備カテゴリを含む
1114,,,未特定,,,,2026-08-23時点の公開攻略DBで図鑑番号＋名称を確認できず。家具・収納等の未公開/未整備カテゴリを含む
1115,,,未特定,,,,2026-08-23時点の公開攻略DBで図鑑番号＋名称を確認できず。家具・収納等の未公開/未整備カテゴリを含む
1116,,,未特定,,,,2026-08-23時点の公開攻略DBで図鑑番号＋名称を確認できず。家具・収納等の未公開/未整備カテゴリを含む
1117,,,未特定,,,,2026-08-23時点の公開攻略DBで図鑑番号＋名称を確認できず。家具・収納等の未公開/未整備カテゴリを含む
1118,,,未特定,,,,2026-08-23時点の公開攻略DBで図鑑番号＋名称を確認できず。家具・収納等の未公開/未整備カテゴリを含む
1119,,,未特定,,,,2026-08-23時点の公開攻略DBで図鑑番号＋名称を確認できず。家具・収納等の未公開/未整備カテゴリを含む
1120,,,未特定,,,,2026-08-23時点の公開攻略DBで図鑑番号＋名称を確認できず。家具・収納等の未公開/未整備カテゴリを含む
1121,,,未特定,,,,2026-08-23時点の公開攻略DBで図鑑番号＋名称を確認できず。家具・収納等の未公開/未整備カテゴリを含む
1122,,,未特定,,,,2026-08-23時点の公開攻略DBで図鑑番号＋名称を確認できず。家具・収納等の未公開/未整備カテゴリを含む
1123,,,未特定,,,,2026-08-23時点の公開攻略DBで図鑑番号＋名称を確認できず。家具・収納等の未公開/未整備カテゴリを含む
1124,,,未特定,,,,2026-08-23時点の公開攻略DBで図鑑番号＋名称を確認できず。家具・収納等の未公開/未整備カテゴリを含む
1125,,,未特定,,,,2026-08-23時点の公開攻略DBで図鑑番号＋名称を確認できず。家具・収納等の未公開/未整備カテゴリを含む
1126,,,未特定,,,,2026-08-23時点の公開攻略DBで図鑑番号＋名称を確認できず。家具・収納等の未公開/未整備カテゴリを含む
1127,,,未特定,,,,2026-08-23時点の公開攻略DBで図鑑番号＋名称を確認できず。家具・収納等の未公開/未整備カテゴリを含む
1128,,,未特定,,,,2026-08-23時点の公開攻略DBで図鑑番号＋名称を確認できず。家具・収納等の未公開/未整備カテゴリを含む
1129,,,未特定,,,,2026-08-23時点の公開攻略DBで図鑑番号＋名称を確認できず。家具・収納等の未公開/未整備カテゴリを含む
1130,,,未特定,,,,2026-08-23時点の公開攻略DBで図鑑番号＋名称を確認できず。家具・収納等の未公開/未整備カテゴリを含む
1131,,,未特定,,,,2026-08-23時点の公開攻略DBで図鑑番号＋名称を確認できず。家具・収納等の未公開/未整備カテゴリを含む
1132,,,未特定,,,,2026-08-23時点の公開攻略DBで図鑑番号＋名称を確認できず。家具・収納等の未公開/未整備カテゴリを含む
1133,,,未特定,,,,2026-08-23時点の公開攻略DBで図鑑番号＋名称を確認できず。家具・収納等の未公開/未整備カテゴリを含む
1134,,,未特定,,,,2026-08-23時点の公開攻略DBで図鑑番号＋名称を確認できず。家具・収納等の未公開/未整備カテゴリを含む
1135,,,未特定,,,,2026-08-23時点の公開攻略DBで図鑑番号＋名称を確認できず。家具・収納等の未公開/未整備カテゴリを含む
1136,,,未特定,,,,2026-08-23時点の公開攻略DBで図鑑番号＋名称を確認できず。家具・収納等の未公開/未整備カテゴリを含む
1137,,,未特定,,,,2026-08-23時点の公開攻略DBで図鑑番号＋名称を確認できず。家具・収納等の未公開/未整備カテゴリを含む
1138,,,未特定,,,,2026-08-23時点の公開攻略DBで図鑑番号＋名称を確認できず。家具・収納等の未公開/未整備カテゴリを含む
1139,,,未特定,,,,2026-08-23時点の公開攻略DBで図鑑番号＋名称を確認できず。家具・収納等の未公開/未整備カテゴリを含む
1140,,,未特定,,,,2026-08-23時点の公開攻略DBで図鑑番号＋名称を確認できず。家具・収納等の未公開/未整備カテゴリを含む
1141,,,未特定,,,,2026-08-23時点の公開攻略DBで図鑑番号＋名称を確認できず。家具・収納等の未公開/未整備カテゴリを含む
1142,,,未特定,,,,2026-08-23時点の公開攻略DBで図鑑番号＋名称を確認できず。家具・収納等の未公開/未整備カテゴリを含む
1143,,,未特定,,,,2026-08-23時点の公開攻略DBで図鑑番号＋名称を確認できず。家具・収納等の未公開/未整備カテゴリを含む
1144,,,未特定,,,,2026-08-23時点の公開攻略DBで図鑑番号＋名称を確認できず。家具・収納等の未公開/未整備カテゴリを含む
1145,,,未特定,,,,2026-08-23時点の公開攻略DBで図鑑番号＋名称を確認できず。家具・収納等の未公開/未整備カテゴリを含む
1146,,,未特定,,,,2026-08-23時点の公開攻略DBで図鑑番号＋名称を確認できず。家具・収納等の未公開/未整備カテゴリを含む
1147,,,未特定,,,,2026-08-23時点の公開攻略DBで図鑑番号＋名称を確認できず。家具・収納等の未公開/未整備カテゴリを含む
1148,,,未特定,,,,2026-08-23時点の公開攻略DBで図鑑番号＋名称を確認できず。家具・収納等の未公開/未整備カテゴリを含む
1149,,,未特定,,,,2026-08-23時点の公開攻略DBで図鑑番号＋名称を確認できず。家具・収納等の未公開/未整備カテゴリを含む
1150,,,未特定,,,,2026-08-23時点の公開攻略DBで図鑑番号＋名称を確認できず。家具・収納等の未公開/未整備カテゴリを含む
1151,,,未特定,,,,2026-08-23時点の公開攻略DBで図鑑番号＋名称を確認できず。家具・収納等の未公開/未整備カテゴリを含む
1152,,,未特定,,,,2026-08-23時点の公開攻略DBで図鑑番号＋名称を確認できず。家具・収納等の未公開/未整備カテゴリを含む
1153,,,未特定,,,,2026-08-23時点の公開攻略DBで図鑑番号＋名称を確認できず。家具・収納等の未公開/未整備カテゴリを含む
1154,,,未特定,,,,2026-08-23時点の公開攻略DBで図鑑番号＋名称を確認できず。家具・収納等の未公開/未整備カテゴリを含む
1155,,,未特定,,,,2026-08-23時点の公開攻略DBで図鑑番号＋名称を確認できず。家具・収納等の未公開/未整備カテゴリを含む
1156,,,未特定,,,,2026-08-23時点の公開攻略DBで図鑑番号＋名称を確認できず。家具・収納等の未公開/未整備カテゴリを含む
1157,,,未特定,,,,2026-08-23時点の公開攻略DBで図鑑番号＋名称を確認できず。家具・収納等の未公開/未整備カテゴリを含む
1158,,,未特定,,,,2026-08-23時点の公開攻略DBで図鑑番号＋名称を確認できず。家具・収納等の未公開/未整備カテゴリを含む
1159,,,未特定,,,,2026-08-23時点の公開攻略DBで図鑑番号＋名称を確認できず。家具・収納等の未公開/未整備カテゴリを含む
1160,,,未特定,,,,2026-08-23時点の公開攻略DBで図鑑番号＋名称を確認できず。家具・収納等の未公開/未整備カテゴリを含む
1161,,,未特定,,,,2026-08-23時点の公開攻略DBで図鑑番号＋名称を確認できず。家具・収納等の未公開/未整備カテゴリを含む
1162,,,未特定,,,,2026-08-23時点の公開攻略DBで図鑑番号＋名称を確認できず。家具・収納等の未公開/未整備カテゴリを含む
1163,,,未特定,,,,2026-08-23時点の公開攻略DBで図鑑番号＋名称を確認できず。家具・収納等の未公開/未整備カテゴリを含む
1164,,,未特定,,,,2026-08-23時点の公開攻略DBで図鑑番号＋名称を確認できず。家具・収納等の未公開/未整備カテゴリを含む
1165,,,未特定,,,,2026-08-23時点の公開攻略DBで図鑑番号＋名称を確認できず。家具・収納等の未公開/未整備カテゴリを含む
1166,,,未特定,,,,2026-08-23時点の公開攻略DBで図鑑番号＋名称を確認できず。家具・収納等の未公開/未整備カテゴリを含む
1167,,,未特定,,,,2026-08-23時点の公開攻略DBで図鑑番号＋名称を確認できず。家具・収納等の未公開/未整備カテゴリを含む
1168,,,未特定,,,,2026-08-23時点の公開攻略DBで図鑑番号＋名称を確認できず。家具・収納等の未公開/未整備カテゴリを含む
1169,,,未特定,,,,2026-08-23時点の公開攻略DBで図鑑番号＋名称を確認できず。家具・収納等の未公開/未整備カテゴリを含む
1170,,,未特定,,,,2026-08-23時点の公開攻略DBで図鑑番号＋名称を確認できず。家具・収納等の未公開/未整備カテゴリを含む
1171,,,未特定,,,,2026-08-23時点の公開攻略DBで図鑑番号＋名称を確認できず。家具・収納等の未公開/未整備カテゴリを含む
1172,,,未特定,,,,2026-08-23時点の公開攻略DBで図鑑番号＋名称を確認できず。家具・収納等の未公開/未整備カテゴリを含む
1173,,,未特定,,,,2026-08-23時点の公開攻略DBで図鑑番号＋名称を確認できず。家具・収納等の未公開/未整備カテゴリを含む
1174,,,未特定,,,,2026-08-23時点の公開攻略DBで図鑑番号＋名称を確認できず。家具・収納等の未公開/未整備カテゴリを含む
1175,,,未特定,,,,2026-08-23時点の公開攻略DBで図鑑番号＋名称を確認できず。家具・収納等の未公開/未整備カテゴリを含む
1176,,,未特定,,,,2026-08-23時点の公開攻略DBで図鑑番号＋名称を確認できず。家具・収納等の未公開/未整備カテゴリを含む
1177,,,未特定,,,,2026-08-23時点の公開攻略DBで図鑑番号＋名称を確認できず。家具・収納等の未公開/未整備カテゴリを含む
1178,,,未特定,,,,2026-08-23時点の公開攻略DBで図鑑番号＋名称を確認できず。家具・収納等の未公開/未整備カテゴリを含む
1179,,,未特定,,,,2026-08-23時点の公開攻略DBで図鑑番号＋名称を確認できず。家具・収納等の未公開/未整備カテゴリを含む
1180,,,未特定,,,,2026-08-23時点の公開攻略DBで図鑑番号＋名称を確認できず。家具・収納等の未公開/未整備カテゴリを含む
1181,,,未特定,,,,2026-08-23時点の公開攻略DBで図鑑番号＋名称を確認できず。家具・収納等の未公開/未整備カテゴリを含む
1182,,,未特定,,,,2026-08-23時点の公開攻略DBで図鑑番号＋名称を確認できず。家具・収納等の未公開/未整備カテゴリを含む
1183,,,未特定,,,,2026-08-23時点の公開攻略DBで図鑑番号＋名称を確認できず。家具・収納等の未公開/未整備カテゴリを含む
1184,,,未特定,,,,2026-08-23時点の公開攻略DBで図鑑番号＋名称を確認できず。家具・収納等の未公開/未整備カテゴリを含む
1185,,,未特定,,,,2026-08-23時点の公開攻略DBで図鑑番号＋名称を確認できず。家具・収納等の未公開/未整備カテゴリを含む
1186,,,未特定,,,,2026-08-23時点の公開攻略DBで図鑑番号＋名称を確認できず。家具・収納等の未公開/未整備カテゴリを含む
1187,,,未特定,,,,2026-08-23時点の公開攻略DBで図鑑番号＋名称を確認できず。家具・収納等の未公開/未整備カテゴリを含む
1188,,,未特定,,,,2026-08-23時点の公開攻略DBで図鑑番号＋名称を確認できず。家具・収納等の未公開/未整備カテゴリを含む
1189,,,未特定,,,,2026-08-23時点の公開攻略DBで図鑑番号＋名称を確認できず。家具・収納等の未公開/未整備カテゴリを含む
1190,,,未特定,,,,2026-08-23時点の公開攻略DBで図鑑番号＋名称を確認できず。家具・収納等の未公開/未整備カテゴリを含む
1191,,,未特定,,,,2026-08-23時点の公開攻略DBで図鑑番号＋名称を確認できず。家具・収納等の未公開/未整備カテゴリを含む
1192,,,未特定,,,,2026-08-23時点の公開攻略DBで図鑑番号＋名称を確認できず。家具・収納等の未公開/未整備カテゴリを含む
1193,,,未特定,,,,2026-08-23時点の公開攻略DBで図鑑番号＋名称を確認できず。家具・収納等の未公開/未整備カテゴリを含む
1194,,,未特定,,,,2026-08-23時点の公開攻略DBで図鑑番号＋名称を確認できず。家具・収納等の未公開/未整備カテゴリを含む
1195,,,未特定,,,,2026-08-23時点の公開攻略DBで図鑑番号＋名称を確認できず。家具・収納等の未公開/未整備カテゴリを含む
1196,,,未特定,,,,2026-08-23時点の公開攻略DBで図鑑番号＋名称を確認できず。家具・収納等の未公開/未整備カテゴリを含む
1197,,,未特定,,,,2026-08-23時点の公開攻略DBで図鑑番号＋名称を確認できず。家具・収納等の未公開/未整備カテゴリを含む
1198,,,未特定,,,,2026-08-23時点の公開攻略DBで図鑑番号＋名称を確認できず。家具・収納等の未公開/未整備カテゴリを含む
1199,,,未特定,,,,2026-08-23時点の公開攻略DBで図鑑番号＋名称を確認できず。家具・収納等の未公開/未整備カテゴリを含む
1200,,,未特定,,,,2026-08-23時点の公開攻略DBで図鑑番号＋名称を確認できず。家具・収納等の未公開/未整備カテゴリを含む
1201,,,未特定,,,,2026-08-23時点の公開攻略DBで図鑑番号＋名称を確認できず。家具・収納等の未公開/未整備カテゴリを含む
1202,,,未特定,,,,2026-08-23時点の公開攻略DBで図鑑番号＋名称を確認できず。家具・収納等の未公開/未整備カテゴリを含む
1203,,,未特定,,,,2026-08-23時点の公開攻略DBで図鑑番号＋名称を確認できず。家具・収納等の未公開/未整備カテゴリを含む
1204,,,未特定,,,,2026-08-23時点の公開攻略DBで図鑑番号＋名称を確認できず。家具・収納等の未公開/未整備カテゴリを含む
1205,,,未特定,,,,2026-08-23時点の公開攻略DBで図鑑番号＋名称を確認できず。家具・収納等の未公開/未整備カテゴリを含む
1206,,,未特定,,,,2026-08-23時点の公開攻略DBで図鑑番号＋名称を確認できず。家具・収納等の未公開/未整備カテゴリを含む
1207,,,未特定,,,,2026-08-23時点の公開攻略DBで図鑑番号＋名称を確認できず。家具・収納等の未公開/未整備カテゴリを含む
1208,,,未特定,,,,2026-08-23時点の公開攻略DBで図鑑番号＋名称を確認できず。家具・収納等の未公開/未整備カテゴリを含む
1209,,,未特定,,,,2026-08-23時点の公開攻略DBで図鑑番号＋名称を確認できず。家具・収納等の未公開/未整備カテゴリを含む
1210,,,未特定,,,,2026-08-23時点の公開攻略DBで図鑑番号＋名称を確認できず。家具・収納等の未公開/未整備カテゴリを含む
1211,,,未特定,,,,2026-08-23時点の公開攻略DBで図鑑番号＋名称を確認できず。家具・収納等の未公開/未整備カテゴリを含む
1212,,,未特定,,,,2026-08-23時点の公開攻略DBで図鑑番号＋名称を確認できず。家具・収納等の未公開/未整備カテゴリを含む
1213,,,未特定,,,,2026-08-23時点の公開攻略DBで図鑑番号＋名称を確認できず。家具・収納等の未公開/未整備カテゴリを含む
1214,,,未特定,,,,2026-08-23時点の公開攻略DBで図鑑番号＋名称を確認できず。家具・収納等の未公開/未整備カテゴリを含む
1215,,,未特定,,,,2026-08-23時点の公開攻略DBで図鑑番号＋名称を確認できず。家具・収納等の未公開/未整備カテゴリを含む
1216,,,未特定,,,,2026-08-23時点の公開攻略DBで図鑑番号＋名称を確認できず。家具・収納等の未公開/未整備カテゴリを含む
1217,,,未特定,,,,2026-08-23時点の公開攻略DBで図鑑番号＋名称を確認できず。家具・収納等の未公開/未整備カテゴリを含む
1218,,,未特定,,,,2026-08-23時点の公開攻略DBで図鑑番号＋名称を確認できず。家具・収納等の未公開/未整備カテゴリを含む
1219,,,未特定,,,,2026-08-23時点の公開攻略DBで図鑑番号＋名称を確認できず。家具・収納等の未公開/未整備カテゴリを含む
1220,,,未特定,,,,2026-08-23時点の公開攻略DBで図鑑番号＋名称を確認できず。家具・収納等の未公開/未整備カテゴリを含む
1221,,,未特定,,,,2026-08-23時点の公開攻略DBで図鑑番号＋名称を確認できず。家具・収納等の未公開/未整備カテゴリを含む
1222,,,未特定,,,,2026-08-23時点の公開攻略DBで図鑑番号＋名称を確認できず。家具・収納等の未公開/未整備カテゴリを含む
1223,,,未特定,,,,2026-08-23時点の公開攻略DBで図鑑番号＋名称を確認できず。家具・収納等の未公開/未整備カテゴリを含む
1224,,,未特定,,,,2026-08-23時点の公開攻略DBで図鑑番号＋名称を確認できず。家具・収納等の未公開/未整備カテゴリを含む
1225,,,未特定,,,,2026-08-23時点の公開攻略DBで図鑑番号＋名称を確認できず。家具・収納等の未公開/未整備カテゴリを含む
1226,,,未特定,,,,2026-08-23時点の公開攻略DBで図鑑番号＋名称を確認できず。家具・収納等の未公開/未整備カテゴリを含む
1227,,,未特定,,,,2026-08-23時点の公開攻略DBで図鑑番号＋名称を確認できず。家具・収納等の未公開/未整備カテゴリを含む
1228,,,未特定,,,,2026-08-23時点の公開攻略DBで図鑑番号＋名称を確認できず。家具・収納等の未公開/未整備カテゴリを含む
1229,,,未特定,,,,2026-08-23時点の公開攻略DBで図鑑番号＋名称を確認できず。家具・収納等の未公開/未整備カテゴリを含む
1230,,,未特定,,,,2026-08-23時点の公開攻略DBで図鑑番号＋名称を確認できず。家具・収納等の未公開/未整備カテゴリを含む
1231,,,未特定,,,,2026-08-23時点の公開攻略DBで図鑑番号＋名称を確認できず。家具・収納等の未公開/未整備カテゴリを含む
1232,,,未特定,,,,2026-08-23時点の公開攻略DBで図鑑番号＋名称を確認できず。家具・収納等の未公開/未整備カテゴリを含む
1233,,,未特定,,,,2026-08-23時点の公開攻略DBで図鑑番号＋名称を確認できず。家具・収納等の未公開/未整備カテゴリを含む
1234,,,未特定,,,,2026-08-23時点の公開攻略DBで図鑑番号＋名称を確認できず。家具・収納等の未公開/未整備カテゴリを含む
1235,,,未特定,,,,2026-08-23時点の公開攻略DBで図鑑番号＋名称を確認できず。家具・収納等の未公開/未整備カテゴリを含む
1236,,,未特定,,,,2026-08-23時点の公開攻略DBで図鑑番号＋名称を確認できず。家具・収納等の未公開/未整備カテゴリを含む
1237,,,未特定,,,,2026-08-23時点の公開攻略DBで図鑑番号＋名称を確認できず。家具・収納等の未公開/未整備カテゴリを含む
1238,,,未特定,,,,2026-08-23時点の公開攻略DBで図鑑番号＋名称を確認できず。家具・収納等の未公開/未整備カテゴリを含む
1239,,,未特定,,,,2026-08-23時点の公開攻略DBで図鑑番号＋名称を確認できず。家具・収納等の未公開/未整備カテゴリを含む
1240,,,未特定,,,,2026-08-23時点の公開攻略DBで図鑑番号＋名称を確認できず。家具・収納等の未公開/未整備カテゴリを含む
1241,,,未特定,,,,2026-08-23時点の公開攻略DBで図鑑番号＋名称を確認できず。家具・収納等の未公開/未整備カテゴリを含む
1242,,,未特定,,,,2026-08-23時点の公開攻略DBで図鑑番号＋名称を確認できず。家具・収納等の未公開/未整備カテゴリを含む
1243,,,未特定,,,,2026-08-23時点の公開攻略DBで図鑑番号＋名称を確認できず。家具・収納等の未公開/未整備カテゴリを含む
1244,,,未特定,,,,2026-08-23時点の公開攻略DBで図鑑番号＋名称を確認できず。家具・収納等の未公開/未整備カテゴリを含む
1245,,,未特定,,,,2026-08-23時点の公開攻略DBで図鑑番号＋名称を確認できず。家具・収納等の未公開/未整備カテゴリを含む
1246,,,未特定,,,,2026-08-23時点の公開攻略DBで図鑑番号＋名称を確認できず。家具・収納等の未公開/未整備カテゴリを含む
1247,,,未特定,,,,2026-08-23時点の公開攻略DBで図鑑番号＋名称を確認できず。家具・収納等の未公開/未整備カテゴリを含む
1248,,,未特定,,,,2026-08-23時点の公開攻略DBで図鑑番号＋名称を確認できず。家具・収納等の未公開/未整備カテゴリを含む
1249,,,未特定,,,,2026-08-23時点の公開攻略DBで図鑑番号＋名称を確認できず。家具・収納等の未公開/未整備カテゴリを含む
1250,,,未特定,,,,2026-08-23時点の公開攻略DBで図鑑番号＋名称を確認できず。家具・収納等の未公開/未整備カテゴリを含む
1251,,,未特定,,,,2026-08-23時点の公開攻略DBで図鑑番号＋名称を確認できず。家具・収納等の未公開/未整備カテゴリを含む
1252,,,未特定,,,,2026-08-23時点の公開攻略DBで図鑑番号＋名称を確認できず。家具・収納等の未公開/未整備カテゴリを含む
1253,,,未特定,,,,2026-08-23時点の公開攻略DBで図鑑番号＋名称を確認できず。家具・収納等の未公開/未整備カテゴリを含む
1254,,,未特定,,,,2026-08-23時点の公開攻略DBで図鑑番号＋名称を確認できず。家具・収納等の未公開/未整備カテゴリを含む
1255,,,未特定,,,,2026-08-23時点の公開攻略DBで図鑑番号＋名称を確認できず。家具・収納等の未公開/未整備カテゴリを含む
1256,,,未特定,,,,2026-08-23時点の公開攻略DBで図鑑番号＋名称を確認できず。家具・収納等の未公開/未整備カテゴリを含む
1257,,,未特定,,,,2026-08-23時点の公開攻略DBで図鑑番号＋名称を確認できず。家具・収納等の未公開/未整備カテゴリを含む
1258,,,未特定,,,,2026-08-23時点の公開攻略DBで図鑑番号＋名称を確認できず。家具・収納等の未公開/未整備カテゴリを含む
1259,,,未特定,,,,2026-08-23時点の公開攻略DBで図鑑番号＋名称を確認できず。家具・収納等の未公開/未整備カテゴリを含む
1260,,,未特定,,,,2026-08-23時点の公開攻略DBで図鑑番号＋名称を確認できず。家具・収納等の未公開/未整備カテゴリを含む
1261,,,未特定,,,,2026-08-23時点の公開攻略DBで図鑑番号＋名称を確認できず。家具・収納等の未公開/未整備カテゴリを含む
1262,,,未特定,,,,2026-08-23時点の公開攻略DBで図鑑番号＋名称を確認できず。家具・収納等の未公開/未整備カテゴリを含む
1263,,,未特定,,,,2026-08-23時点の公開攻略DBで図鑑番号＋名称を確認できず。家具・収納等の未公開/未整備カテゴリを含む
1264,,,未特定,,,,2026-08-23時点の公開攻略DBで図鑑番号＋名称を確認できず。家具・収納等の未公開/未整備カテゴリを含む
1265,,,未特定,,,,2026-08-23時点の公開攻略DBで図鑑番号＋名称を確認できず。家具・収納等の未公開/未整備カテゴリを含む
1266,,,未特定,,,,2026-08-23時点の公開攻略DBで図鑑番号＋名称を確認できず。家具・収納等の未公開/未整備カテゴリを含む
1267,,,未特定,,,,2026-08-23時点の公開攻略DBで図鑑番号＋名称を確認できず。家具・収納等の未公開/未整備カテゴリを含む
1268,,,未特定,,,,2026-08-23時点の公開攻略DBで図鑑番号＋名称を確認できず。家具・収納等の未公開/未整備カテゴリを含む
1269,,,未特定,,,,2026-08-23時点の公開攻略DBで図鑑番号＋名称を確認できず。家具・収納等の未公開/未整備カテゴリを含む
1270,,,未特定,,,,2026-08-23時点の公開攻略DBで図鑑番号＋名称を確認できず。家具・収納等の未公開/未整備カテゴリを含む
1271,,,未特定,,,,2026-08-23時点の公開攻略DBで図鑑番号＋名称を確認できず。家具・収納等の未公開/未整備カテゴリを含む
1272,,,未特定,,,,2026-08-23時点の公開攻略DBで図鑑番号＋名称を確認できず。家具・収納等の未公開/未整備カテゴリを含む
1273,,,未特定,,,,2026-08-23時点の公開攻略DBで図鑑番号＋名称を確認できず。家具・収納等の未公開/未整備カテゴリを含む
1274,,,未特定,,,,2026-08-23時点の公開攻略DBで図鑑番号＋名称を確認できず。家具・収納等の未公開/未整備カテゴリを含む
1275,,,未特定,,,,2026-08-23時点の公開攻略DBで図鑑番号＋名称を確認できず。家具・収納等の未公開/未整備カテゴリを含む
1276,,,未特定,,,,2026-08-23時点の公開攻略DBで図鑑番号＋名称を確認できず。家具・収納等の未公開/未整備カテゴリを含む
1277,,,未特定,,,,2026-08-23時点の公開攻略DBで図鑑番号＋名称を確認できず。家具・収納等の未公開/未整備カテゴリを含む
1278,,,未特定,,,,2026-08-23時点の公開攻略DBで図鑑番号＋名称を確認できず。家具・収納等の未公開/未整備カテゴリを含む
1279,,,未特定,,,,2026-08-23時点の公開攻略DBで図鑑番号＋名称を確認できず。家具・収納等の未公開/未整備カテゴリを含む
1280,,,未特定,,,,2026-08-23時点の公開攻略DBで図鑑番号＋名称を確認できず。家具・収納等の未公開/未整備カテゴリを含む
1281,,,未特定,,,,2026-08-23時点の公開攻略DBで図鑑番号＋名称を確認できず。家具・収納等の未公開/未整備カテゴリを含む
1282,,,未特定,,,,2026-08-23時点の公開攻略DBで図鑑番号＋名称を確認できず。家具・収納等の未公開/未整備カテゴリを含む
1283,,,未特定,,,,2026-08-23時点の公開攻略DBで図鑑番号＋名称を確認できず。家具・収納等の未公開/未整備カテゴリを含む
1284,,,未特定,,,,2026-08-23時点の公開攻略DBで図鑑番号＋名称を確認できず。家具・収納等の未公開/未整備カテゴリを含む
1285,,,未特定,,,,2026-08-23時点の公開攻略DBで図鑑番号＋名称を確認できず。家具・収納等の未公開/未整備カテゴリを含む
1286,,,未特定,,,,2026-08-23時点の公開攻略DBで図鑑番号＋名称を確認できず。家具・収納等の未公開/未整備カテゴリを含む
1287,,,未特定,,,,2026-08-23時点の公開攻略DBで図鑑番号＋名称を確認できず。家具・収納等の未公開/未整備カテゴリを含む
1288,,,未特定,,,,2026-08-23時点の公開攻略DBで図鑑番号＋名称を確認できず。家具・収納等の未公開/未整備カテゴリを含む
1289,,,未特定,,,,2026-08-23時点の公開攻略DBで図鑑番号＋名称を確認できず。家具・収納等の未公開/未整備カテゴリを含む
1290,,,未特定,,,,2026-08-23時点の公開攻略DBで図鑑番号＋名称を確認できず。家具・収納等の未公開/未整備カテゴリを含む
1291,,,未特定,,,,2026-08-23時点の公開攻略DBで図鑑番号＋名称を確認できず。家具・収納等の未公開/未整備カテゴリを含む
1292,,,未特定,,,,2026-08-23時点の公開攻略DBで図鑑番号＋名称を確認できず。家具・収納等の未公開/未整備カテゴリを含む
1293,,,未特定,,,,2026-08-23時点の公開攻略DBで図鑑番号＋名称を確認できず。家具・収納等の未公開/未整備カテゴリを含む
1294,,,未特定,,,,2026-08-23時点の公開攻略DBで図鑑番号＋名称を確認できず。家具・収納等の未公開/未整備カテゴリを含む
1295,,,未特定,,,,2026-08-23時点の公開攻略DBで図鑑番号＋名称を確認できず。家具・収納等の未公開/未整備カテゴリを含む
1296,,,未特定,,,,2026-08-23時点の公開攻略DBで図鑑番号＋名称を確認できず。家具・収納等の未公開/未整備カテゴリを含む
1297,,,未特定,,,,2026-08-23時点の公開攻略DBで図鑑番号＋名称を確認できず。家具・収納等の未公開/未整備カテゴリを含む
1298,,,未特定,,,,2026-08-23時点の公開攻略DBで図鑑番号＋名称を確認できず。家具・収納等の未公開/未整備カテゴリを含む
1299,,,未特定,,,,2026-08-23時点の公開攻略DBで図鑑番号＋名称を確認できず。家具・収納等の未公開/未整備カテゴリを含む
1300,,,未特定,,,,2026-08-23時点の公開攻略DBで図鑑番号＋名称を確認できず。家具・収納等の未公開/未整備カテゴリを含む
1301,,,未特定,,,,2026-08-23時点の公開攻略DBで図鑑番号＋名称を確認できず。家具・収納等の未公開/未整備カテゴリを含む
1302,,,未特定,,,,2026-08-23時点の公開攻略DBで図鑑番号＋名称を確認できず。家具・収納等の未公開/未整備カテゴリを含む
1303,,,未特定,,,,2026-08-23時点の公開攻略DBで図鑑番号＋名称を確認できず。家具・収納等の未公開/未整備カテゴリを含む
1304,,,未特定,,,,2026-08-23時点の公開攻略DBで図鑑番号＋名称を確認できず。家具・収納等の未公開/未整備カテゴリを含む
1305,,,未特定,,,,2026-08-23時点の公開攻略DBで図鑑番号＋名称を確認できず。家具・収納等の未公開/未整備カテゴリを含む
1306,,,未特定,,,,2026-08-23時点の公開攻略DBで図鑑番号＋名称を確認できず。家具・収納等の未公開/未整備カテゴリを含む
1307,,,未特定,,,,2026-08-23時点の公開攻略DBで図鑑番号＋名称を確認できず。家具・収納等の未公開/未整備カテゴリを含む
1308,,,未特定,,,,2026-08-23時点の公開攻略DBで図鑑番号＋名称を確認できず。家具・収納等の未公開/未整備カテゴリを含む
1309,,,未特定,,,,2026-08-23時点の公開攻略DBで図鑑番号＋名称を確認できず。家具・収納等の未公開/未整備カテゴリを含む
1310,,,未特定,,,,2026-08-23時点の公開攻略DBで図鑑番号＋名称を確認できず。家具・収納等の未公開/未整備カテゴリを含む
1311,,,未特定,,,,2026-08-23時点の公開攻略DBで図鑑番号＋名称を確認できず。家具・収納等の未公開/未整備カテゴリを含む
1312,,,未特定,,,,2026-08-23時点の公開攻略DBで図鑑番号＋名称を確認できず。家具・収納等の未公開/未整備カテゴリを含む
1313,,,未特定,,,,2026-08-23時点の公開攻略DBで図鑑番号＋名称を確認できず。家具・収納等の未公開/未整備カテゴリを含む
1314,,,未特定,,,,2026-08-23時点の公開攻略DBで図鑑番号＋名称を確認できず。家具・収納等の未公開/未整備カテゴリを含む
1315,,,未特定,,,,2026-08-23時点の公開攻略DBで図鑑番号＋名称を確認できず。家具・収納等の未公開/未整備カテゴリを含む
1316,,,未特定,,,,2026-08-23時点の公開攻略DBで図鑑番号＋名称を確認できず。家具・収納等の未公開/未整備カテゴリを含む
1317,,,未特定,,,,2026-08-23時点の公開攻略DBで図鑑番号＋名称を確認できず。家具・収納等の未公開/未整備カテゴリを含む
1318,,,未特定,,,,2026-08-23時点の公開攻略DBで図鑑番号＋名称を確認できず。家具・収納等の未公開/未整備カテゴリを含む
1319,,,未特定,,,,2026-08-23時点の公開攻略DBで図鑑番号＋名称を確認できず。家具・収納等の未公開/未整備カテゴリを含む
1320,,,未特定,,,,2026-08-23時点の公開攻略DBで図鑑番号＋名称を確認できず。家具・収納等の未公開/未整備カテゴリを含む
1321,,,未特定,,,,2026-08-23時点の公開攻略DBで図鑑番号＋名称を確認できず。家具・収納等の未公開/未整備カテゴリを含む
1322,,,未特定,,,,2026-08-23時点の公開攻略DBで図鑑番号＋名称を確認できず。家具・収納等の未公開/未整備カテゴリを含む
1323,,,未特定,,,,2026-08-23時点の公開攻略DBで図鑑番号＋名称を確認できず。家具・収納等の未公開/未整備カテゴリを含む
1324,,,未特定,,,,2026-08-23時点の公開攻略DBで図鑑番号＋名称を確認できず。家具・収納等の未公開/未整備カテゴリを含む
1325,,,未特定,,,,2026-08-23時点の公開攻略DBで図鑑番号＋名称を確認できず。家具・収納等の未公開/未整備カテゴリを含む
1326,,,未特定,,,,2026-08-23時点の公開攻略DBで図鑑番号＋名称を確認できず。家具・収納等の未公開/未整備カテゴリを含む
1327,,,未特定,,,,2026-08-23時点の公開攻略DBで図鑑番号＋名称を確認できず。家具・収納等の未公開/未整備カテゴリを含む
1328,,,未特定,,,,2026-08-23時点の公開攻略DBで図鑑番号＋名称を確認できず。家具・収納等の未公開/未整備カテゴリを含む
1329,,,未特定,,,,2026-08-23時点の公開攻略DBで図鑑番号＋名称を確認できず。家具・収納等の未公開/未整備カテゴリを含む
1330,,,未特定,,,,2026-08-23時点の公開攻略DBで図鑑番号＋名称を確認できず。家具・収納等の未公開/未整備カテゴリを含む
1331,,,未特定,,,,2026-08-23時点の公開攻略DBで図鑑番号＋名称を確認できず。家具・収納等の未公開/未整備カテゴリを含む
1332,,,未特定,,,,2026-08-23時点の公開攻略DBで図鑑番号＋名称を確認できず。家具・収納等の未公開/未整備カテゴリを含む
1333,,,未特定,,,,2026-08-23時点の公開攻略DBで図鑑番号＋名称を確認できず。家具・収納等の未公開/未整備カテゴリを含む
1334,,,未特定,,,,2026-08-23時点の公開攻略DBで図鑑番号＋名称を確認できず。家具・収納等の未公開/未整備カテゴリを含む
1335,,,未特定,,,,2026-08-23時点の公開攻略DBで図鑑番号＋名称を確認できず。家具・収納等の未公開/未整備カテゴリを含む
1336,,,未特定,,,,2026-08-23時点の公開攻略DBで図鑑番号＋名称を確認できず。家具・収納等の未公開/未整備カテゴリを含む
1337,,,未特定,,,,2026-08-23時点の公開攻略DBで図鑑番号＋名称を確認できず。家具・収納等の未公開/未整備カテゴリを含む
1338,,,未特定,,,,2026-08-23時点の公開攻略DBで図鑑番号＋名称を確認できず。家具・収納等の未公開/未整備カテゴリを含む
1339,,,未特定,,,,2026-08-23時点の公開攻略DBで図鑑番号＋名称を確認できず。家具・収納等の未公開/未整備カテゴリを含む
1340,,,未特定,,,,2026-08-23時点の公開攻略DBで図鑑番号＋名称を確認できず。家具・収納等の未公開/未整備カテゴリを含む
1341,,,未特定,,,,2026-08-23時点の公開攻略DBで図鑑番号＋名称を確認できず。家具・収納等の未公開/未整備カテゴリを含む
1342,,,未特定,,,,2026-08-23時点の公開攻略DBで図鑑番号＋名称を確認できず。家具・収納等の未公開/未整備カテゴリを含む
1343,,,未特定,,,,2026-08-23時点の公開攻略DBで図鑑番号＋名称を確認できず。家具・収納等の未公開/未整備カテゴリを含む
1344,,,未特定,,,,2026-08-23時点の公開攻略DBで図鑑番号＋名称を確認できず。家具・収納等の未公開/未整備カテゴリを含む
1345,,,未特定,,,,2026-08-23時点の公開攻略DBで図鑑番号＋名称を確認できず。家具・収納等の未公開/未整備カテゴリを含む
1346,,,未特定,,,,2026-08-23時点の公開攻略DBで図鑑番号＋名称を確認できず。家具・収納等の未公開/未整備カテゴリを含む
1347,,,未特定,,,,2026-08-23時点の公開攻略DBで図鑑番号＋名称を確認できず。家具・収納等の未公開/未整備カテゴリを含む
1348,,,未特定,,,,2026-08-23時点の公開攻略DBで図鑑番号＋名称を確認できず。家具・収納等の未公開/未整備カテゴリを含む
1349,,,未特定,,,,2026-08-23時点の公開攻略DBで図鑑番号＋名称を確認できず。家具・収納等の未公開/未整備カテゴリを含む
1350,,,未特定,,,,2026-08-23時点の公開攻略DBで図鑑番号＋名称を確認できず。家具・収納等の未公開/未整備カテゴリを含む
1351,,,未特定,,,,2026-08-23時点の公開攻略DBで図鑑番号＋名称を確認できず。家具・収納等の未公開/未整備カテゴリを含む
1352,,,未特定,,,,2026-08-23時点の公開攻略DBで図鑑番号＋名称を確認できず。家具・収納等の未公開/未整備カテゴリを含む
1353,,,未特定,,,,2026-08-23時点の公開攻略DBで図鑑番号＋名称を確認できず。家具・収納等の未公開/未整備カテゴリを含む
1354,,,未特定,,,,2026-08-23時点の公開攻略DBで図鑑番号＋名称を確認できず。家具・収納等の未公開/未整備カテゴリを含む
1355,,,未特定,,,,2026-08-23時点の公開攻略DBで図鑑番号＋名称を確認できず。家具・収納等の未公開/未整備カテゴリを含む
1356,,,未特定,,,,2026-08-23時点の公開攻略DBで図鑑番号＋名称を確認できず。家具・収納等の未公開/未整備カテゴリを含む
1357,,,未特定,,,,2026-08-23時点の公開攻略DBで図鑑番号＋名称を確認できず。家具・収納等の未公開/未整備カテゴリを含む
1358,,,未特定,,,,2026-08-23時点の公開攻略DBで図鑑番号＋名称を確認できず。家具・収納等の未公開/未整備カテゴリを含む
1359,,,未特定,,,,2026-08-23時点の公開攻略DBで図鑑番号＋名称を確認できず。家具・収納等の未公開/未整備カテゴリを含む
1360,,,未特定,,,,2026-08-23時点の公開攻略DBで図鑑番号＋名称を確認できず。家具・収納等の未公開/未整備カテゴリを含む
1361,,,未特定,,,,2026-08-23時点の公開攻略DBで図鑑番号＋名称を確認できず。家具・収納等の未公開/未整備カテゴリを含む
1362,,,未特定,,,,2026-08-23時点の公開攻略DBで図鑑番号＋名称を確認できず。家具・収納等の未公開/未整備カテゴリを含む
1363,,,未特定,,,,2026-08-23時点の公開攻略DBで図鑑番号＋名称を確認できず。家具・収納等の未公開/未整備カテゴリを含む
1364,,,未特定,,,,2026-08-23時点の公開攻略DBで図鑑番号＋名称を確認できず。家具・収納等の未公開/未整備カテゴリを含む
1365,,,未特定,,,,2026-08-23時点の公開攻略DBで図鑑番号＋名称を確認できず。家具・収納等の未公開/未整備カテゴリを含む
1366,,,未特定,,,,2026-08-23時点の公開攻略DBで図鑑番号＋名称を確認できず。家具・収納等の未公開/未整備カテゴリを含む
1367,,,未特定,,,,2026-08-23時点の公開攻略DBで図鑑番号＋名称を確認できず。家具・収納等の未公開/未整備カテゴリを含む
1368,,,未特定,,,,2026-08-23時点の公開攻略DBで図鑑番号＋名称を確認できず。家具・収納等の未公開/未整備カテゴリを含む
1369,,,未特定,,,,2026-08-23時点の公開攻略DBで図鑑番号＋名称を確認できず。家具・収納等の未公開/未整備カテゴリを含む
1370,,,未特定,,,,2026-08-23時点の公開攻略DBで図鑑番号＋名称を確認できず。家具・収納等の未公開/未整備カテゴリを含む
1371,,,未特定,,,,2026-08-23時点の公開攻略DBで図鑑番号＋名称を確認できず。家具・収納等の未公開/未整備カテゴリを含む
1372,,,未特定,,,,2026-08-23時点の公開攻略DBで図鑑番号＋名称を確認できず。家具・収納等の未公開/未整備カテゴリを含む
1373,,,未特定,,,,2026-08-23時点の公開攻略DBで図鑑番号＋名称を確認できず。家具・収納等の未公開/未整備カテゴリを含む
1374,,,未特定,,,,2026-08-23時点の公開攻略DBで図鑑番号＋名称を確認できず。家具・収納等の未公開/未整備カテゴリを含む
1375,,,未特定,,,,2026-08-23時点の公開攻略DBで図鑑番号＋名称を確認できず。家具・収納等の未公開/未整備カテゴリを含む
1376,,,未特定,,,,2026-08-23時点の公開攻略DBで図鑑番号＋名称を確認できず。家具・収納等の未公開/未整備カテゴリを含む
1377,,,未特定,,,,2026-08-23時点の公開攻略DBで図鑑番号＋名称を確認できず。家具・収納等の未公開/未整備カテゴリを含む
1378,,,未特定,,,,2026-08-23時点の公開攻略DBで図鑑番号＋名称を確認できず。家具・収納等の未公開/未整備カテゴリを含む
1379,,,未特定,,,,2026-08-23時点の公開攻略DBで図鑑番号＋名称を確認できず。家具・収納等の未公開/未整備カテゴリを含む
1380,,,未特定,,,,2026-08-23時点の公開攻略DBで図鑑番号＋名称を確認できず。家具・収納等の未公開/未整備カテゴリを含む
1381,,,未特定,,,,2026-08-23時点の公開攻略DBで図鑑番号＋名称を確認できず。家具・収納等の未公開/未整備カテゴリを含む
1382,,,未特定,,,,2026-08-23時点の公開攻略DBで図鑑番号＋名称を確認できず。家具・収納等の未公開/未整備カテゴリを含む
1383,,,未特定,,,,2026-08-23時点の公開攻略DBで図鑑番号＋名称を確認できず。家具・収納等の未公開/未整備カテゴリを含む
1384,,,未特定,,,,2026-08-23時点の公開攻略DBで図鑑番号＋名称を確認できず。家具・収納等の未公開/未整備カテゴリを含む
1385,,,未特定,,,,2026-08-23時点の公開攻略DBで図鑑番号＋名称を確認できず。家具・収納等の未公開/未整備カテゴリを含む
1386,,,未特定,,,,2026-08-23時点の公開攻略DBで図鑑番号＋名称を確認できず。家具・収納等の未公開/未整備カテゴリを含む
1387,,,未特定,,,,2026-08-23時点の公開攻略DBで図鑑番号＋名称を確認できず。家具・収納等の未公開/未整備カテゴリを含む
1388,,,未特定,,,,2026-08-23時点の公開攻略DBで図鑑番号＋名称を確認できず。家具・収納等の未公開/未整備カテゴリを含む
1389,,,未特定,,,,2026-08-23時点の公開攻略DBで図鑑番号＋名称を確認できず。家具・収納等の未公開/未整備カテゴリを含む
1390,,,未特定,,,,2026-08-23時点の公開攻略DBで図鑑番号＋名称を確認できず。家具・収納等の未公開/未整備カテゴリを含む
1391,,,未特定,,,,2026-08-23時点の公開攻略DBで図鑑番号＋名称を確認できず。家具・収納等の未公開/未整備カテゴリを含む
1392,,,未特定,,,,2026-08-23時点の公開攻略DBで図鑑番号＋名称を確認できず。家具・収納等の未公開/未整備カテゴリを含む
1393,,,未特定,,,,2026-08-23時点の公開攻略DBで図鑑番号＋名称を確認できず。家具・収納等の未公開/未整備カテゴリを含む
1394,,,未特定,,,,2026-08-23時点の公開攻略DBで図鑑番号＋名称を確認できず。家具・収納等の未公開/未整備カテゴリを含む
1395,,,未特定,,,,2026-08-23時点の公開攻略DBで図鑑番号＋名称を確認できず。家具・収納等の未公開/未整備カテゴリを含む
1396,,,未特定,,,,2026-08-23時点の公開攻略DBで図鑑番号＋名称を確認できず。家具・収納等の未公開/未整備カテゴリを含む
1397,,,未特定,,,,2026-08-23時点の公開攻略DBで図鑑番号＋名称を確認できず。家具・収納等の未公開/未整備カテゴリを含む
1398,,,未特定,,,,2026-08-23時点の公開攻略DBで図鑑番号＋名称を確認できず。家具・収納等の未公開/未整備カテゴリを含む
1399,,,未特定,,,,2026-08-23時点の公開攻略DBで図鑑番号＋名称を確認できず。家具・収納等の未公開/未整備カテゴリを含む
1400,,,未特定,,,,2026-08-23時点の公開攻略DBで図鑑番号＋名称を確認できず。家具・収納等の未公開/未整備カテゴリを含む
1401,,,未特定,,,,2026-08-23時点の公開攻略DBで図鑑番号＋名称を確認できず。家具・収納等の未公開/未整備カテゴリを含む
1402,,,未特定,,,,2026-08-23時点の公開攻略DBで図鑑番号＋名称を確認できず。家具・収納等の未公開/未整備カテゴリを含む
1403,,,未特定,,,,2026-08-23時点の公開攻略DBで図鑑番号＋名称を確認できず。家具・収納等の未公開/未整備カテゴリを含む
1404,,,未特定,,,,2026-08-23時点の公開攻略DBで図鑑番号＋名称を確認できず。家具・収納等の未公開/未整備カテゴリを含む
1405,,,未特定,,,,2026-08-23時点の公開攻略DBで図鑑番号＋名称を確認できず。家具・収納等の未公開/未整備カテゴリを含む
1406,,,未特定,,,,2026-08-23時点の公開攻略DBで図鑑番号＋名称を確認できず。家具・収納等の未公開/未整備カテゴリを含む
1407,,,未特定,,,,2026-08-23時点の公開攻略DBで図鑑番号＋名称を確認できず。家具・収納等の未公開/未整備カテゴリを含む
1408,,,未特定,,,,2026-08-23時点の公開攻略DBで図鑑番号＋名称を確認できず。家具・収納等の未公開/未整備カテゴリを含む
1409,,,未特定,,,,2026-08-23時点の公開攻略DBで図鑑番号＋名称を確認できず。家具・収納等の未公開/未整備カテゴリを含む
1410,,,未特定,,,,2026-08-23時点の公開攻略DBで図鑑番号＋名称を確認できず。家具・収納等の未公開/未整備カテゴリを含む
1411,,,未特定,,,,2026-08-23時点の公開攻略DBで図鑑番号＋名称を確認できず。家具・収納等の未公開/未整備カテゴリを含む
1412,,,未特定,,,,2026-08-23時点の公開攻略DBで図鑑番号＋名称を確認できず。家具・収納等の未公開/未整備カテゴリを含む
1413,,,未特定,,,,2026-08-23時点の公開攻略DBで図鑑番号＋名称を確認できず。家具・収納等の未公開/未整備カテゴリを含む
1414,,,未特定,,,,2026-08-23時点の公開攻略DBで図鑑番号＋名称を確認できず。家具・収納等の未公開/未整備カテゴリを含む
1415,,,未特定,,,,2026-08-23時点の公開攻略DBで図鑑番号＋名称を確認できず。家具・収納等の未公開/未整備カテゴリを含む
1416,,,未特定,,,,2026-08-23時点の公開攻略DBで図鑑番号＋名称を確認できず。家具・収納等の未公開/未整備カテゴリを含む
1417,,,未特定,,,,2026-08-23時点の公開攻略DBで図鑑番号＋名称を確認できず。家具・収納等の未公開/未整備カテゴリを含む
1418,,,未特定,,,,2026-08-23時点の公開攻略DBで図鑑番号＋名称を確認できず。家具・収納等の未公開/未整備カテゴリを含む
1419,,,未特定,,,,2026-08-23時点の公開攻略DBで図鑑番号＋名称を確認できず。家具・収納等の未公開/未整備カテゴリを含む
1420,,,未特定,,,,2026-08-23時点の公開攻略DBで図鑑番号＋名称を確認できず。家具・収納等の未公開/未整備カテゴリを含む
1421,,,未特定,,,,2026-08-23時点の公開攻略DBで図鑑番号＋名称を確認できず。家具・収納等の未公開/未整備カテゴリを含む
1422,,,未特定,,,,2026-08-23時点の公開攻略DBで図鑑番号＋名称を確認できず。家具・収納等の未公開/未整備カテゴリを含む
1423,,,未特定,,,,2026-08-23時点の公開攻略DBで図鑑番号＋名称を確認できず。家具・収納等の未公開/未整備カテゴリを含む
1424,,,未特定,,,,2026-08-23時点の公開攻略DBで図鑑番号＋名称を確認できず。家具・収納等の未公開/未整備カテゴリを含む
1425,,,未特定,,,,2026-08-23時点の公開攻略DBで図鑑番号＋名称を確認できず。家具・収納等の未公開/未整備カテゴリを含む
1426,,,未特定,,,,2026-08-23時点の公開攻略DBで図鑑番号＋名称を確認できず。家具・収納等の未公開/未整備カテゴリを含む
1427,,,未特定,,,,2026-08-23時点の公開攻略DBで図鑑番号＋名称を確認できず。家具・収納等の未公開/未整備カテゴリを含む
1428,,,未特定,,,,2026-08-23時点の公開攻略DBで図鑑番号＋名称を確認できず。家具・収納等の未公開/未整備カテゴリを含む
1429,,,未特定,,,,2026-08-23時点の公開攻略DBで図鑑番号＋名称を確認できず。家具・収納等の未公開/未整備カテゴリを含む
1430,,,未特定,,,,2026-08-23時点の公開攻略DBで図鑑番号＋名称を確認できず。家具・収納等の未公開/未整備カテゴリを含む
1431,,,未特定,,,,2026-08-23時点の公開攻略DBで図鑑番号＋名称を確認できず。家具・収納等の未公開/未整備カテゴリを含む
1432,,,未特定,,,,2026-08-23時点の公開攻略DBで図鑑番号＋名称を確認できず。家具・収納等の未公開/未整備カテゴリを含む
1433,,,未特定,,,,2026-08-23時点の公開攻略DBで図鑑番号＋名称を確認できず。家具・収納等の未公開/未整備カテゴリを含む
1434,,,未特定,,,,2026-08-23時点の公開攻略DBで図鑑番号＋名称を確認できず。家具・収納等の未公開/未整備カテゴリを含む
1435,,,未特定,,,,2026-08-23時点の公開攻略DBで図鑑番号＋名称を確認できず。家具・収納等の未公開/未整備カテゴリを含む
1436,,,未特定,,,,2026-08-23時点の公開攻略DBで図鑑番号＋名称を確認できず。家具・収納等の未公開/未整備カテゴリを含む
1437,,,未特定,,,,2026-08-23時点の公開攻略DBで図鑑番号＋名称を確認できず。家具・収納等の未公開/未整備カテゴリを含む
1438,,,未特定,,,,2026-08-23時点の公開攻略DBで図鑑番号＋名称を確認できず。家具・収納等の未公開/未整備カテゴリを含む
1439,,,未特定,,,,2026-08-23時点の公開攻略DBで図鑑番号＋名称を確認できず。家具・収納等の未公開/未整備カテゴリを含む
1440,,,未特定,,,,2026-08-23時点の公開攻略DBで図鑑番号＋名称を確認できず。家具・収納等の未公開/未整備カテゴリを含む
1441,,,未特定,,,,2026-08-23時点の公開攻略DBで図鑑番号＋名称を確認できず。家具・収納等の未公開/未整備カテゴリを含む
1442,,,未特定,,,,2026-08-23時点の公開攻略DBで図鑑番号＋名称を確認できず。家具・収納等の未公開/未整備カテゴリを含む
1443,,,未特定,,,,2026-08-23時点の公開攻略DBで図鑑番号＋名称を確認できず。家具・収納等の未公開/未整備カテゴリを含む
1444,,,未特定,,,,2026-08-23時点の公開攻略DBで図鑑番号＋名称を確認できず。家具・収納等の未公開/未整備カテゴリを含む
1445,,,未特定,,,,2026-08-23時点の公開攻略DBで図鑑番号＋名称を確認できず。家具・収納等の未公開/未整備カテゴリを含む
1446,,,未特定,,,,2026-08-23時点の公開攻略DBで図鑑番号＋名称を確認できず。家具・収納等の未公開/未整備カテゴリを含む
1447,,,未特定,,,,2026-08-23時点の公開攻略DBで図鑑番号＋名称を確認できず。家具・収納等の未公開/未整備カテゴリを含む
1448,,,未特定,,,,2026-08-23時点の公開攻略DBで図鑑番号＋名称を確認できず。家具・収納等の未公開/未整備カテゴリを含む
1449,,,未特定,,,,2026-08-23時点の公開攻略DBで図鑑番号＋名称を確認できず。家具・収納等の未公開/未整備カテゴリを含む
1450,,,未特定,,,,2026-08-23時点の公開攻略DBで図鑑番号＋名称を確認できず。家具・収納等の未公開/未整備カテゴリを含む
1451,,,未特定,,,,2026-08-23時点の公開攻略DBで図鑑番号＋名称を確認できず。家具・収納等の未公開/未整備カテゴリを含む
1452,,,未特定,,,,2026-08-23時点の公開攻略DBで図鑑番号＋名称を確認できず。家具・収納等の未公開/未整備カテゴリを含む
1453,,,未特定,,,,2026-08-23時点の公開攻略DBで図鑑番号＋名称を確認できず。家具・収納等の未公開/未整備カテゴリを含む
1454,,,未特定,,,,2026-08-23時点の公開攻略DBで図鑑番号＋名称を確認できず。家具・収納等の未公開/未整備カテゴリを含む
1455,,,未特定,,,,2026-08-23時点の公開攻略DBで図鑑番号＋名称を確認できず。家具・収納等の未公開/未整備カテゴリを含む
1456,,,未特定,,,,2026-08-23時点の公開攻略DBで図鑑番号＋名称を確認できず。家具・収納等の未公開/未整備カテゴリを含む
1457,,,未特定,,,,2026-08-23時点の公開攻略DBで図鑑番号＋名称を確認できず。家具・収納等の未公開/未整備カテゴリを含む
1458,,,未特定,,,,2026-08-23時点の公開攻略DBで図鑑番号＋名称を確認できず。家具・収納等の未公開/未整備カテゴリを含む
1459,,,未特定,,,,2026-08-23時点の公開攻略DBで図鑑番号＋名称を確認できず。家具・収納等の未公開/未整備カテゴリを含む
1460,,,未特定,,,,2026-08-23時点の公開攻略DBで図鑑番号＋名称を確認できず。家具・収納等の未公開/未整備カテゴリを含む
1461,,,未特定,,,,2026-08-23時点の公開攻略DBで図鑑番号＋名称を確認できず。家具・収納等の未公開/未整備カテゴリを含む
1462,,,未特定,,,,2026-08-23時点の公開攻略DBで図鑑番号＋名称を確認できず。家具・収納等の未公開/未整備カテゴリを含む
1463,,,未特定,,,,2026-08-23時点の公開攻略DBで図鑑番号＋名称を確認できず。家具・収納等の未公開/未整備カテゴリを含む
1464,,,未特定,,,,2026-08-23時点の公開攻略DBで図鑑番号＋名称を確認できず。家具・収納等の未公開/未整備カテゴリを含む
1465,,,未特定,,,,2026-08-23時点の公開攻略DBで図鑑番号＋名称を確認できず。家具・収納等の未公開/未整備カテゴリを含む
1466,,,未特定,,,,2026-08-23時点の公開攻略DBで図鑑番号＋名称を確認できず。家具・収納等の未公開/未整備カテゴリを含む
1467,,,未特定,,,,2026-08-23時点の公開攻略DBで図鑑番号＋名称を確認できず。家具・収納等の未公開/未整備カテゴリを含む
1468,,,未特定,,,,2026-08-23時点の公開攻略DBで図鑑番号＋名称を確認できず。家具・収納等の未公開/未整備カテゴリを含む
1469,,,未特定,,,,2026-08-23時点の公開攻略DBで図鑑番号＋名称を確認できず。家具・収納等の未公開/未整備カテゴリを含む
1470,,,未特定,,,,2026-08-23時点の公開攻略DBで図鑑番号＋名称を確認できず。家具・収納等の未公開/未整備カテゴリを含む
1471,,,未特定,,,,2026-08-23時点の公開攻略DBで図鑑番号＋名称を確認できず。家具・収納等の未公開/未整備カテゴリを含む
1472,,,未特定,,,,2026-08-23時点の公開攻略DBで図鑑番号＋名称を確認できず。家具・収納等の未公開/未整備カテゴリを含む
1473,,,未特定,,,,2026-08-23時点の公開攻略DBで図鑑番号＋名称を確認できず。家具・収納等の未公開/未整備カテゴリを含む
1474,,,未特定,,,,2026-08-23時点の公開攻略DBで図鑑番号＋名称を確認できず。家具・収納等の未公開/未整備カテゴリを含む
1475,,,未特定,,,,2026-08-23時点の公開攻略DBで図鑑番号＋名称を確認できず。家具・収納等の未公開/未整備カテゴリを含む
1476,,,未特定,,,,2026-08-23時点の公開攻略DBで図鑑番号＋名称を確認できず。家具・収納等の未公開/未整備カテゴリを含む
1477,,,未特定,,,,2026-08-23時点の公開攻略DBで図鑑番号＋名称を確認できず。家具・収納等の未公開/未整備カテゴリを含む
1478,,,未特定,,,,2026-08-23時点の公開攻略DBで図鑑番号＋名称を確認できず。家具・収納等の未公開/未整備カテゴリを含む
1479,,,未特定,,,,2026-08-23時点の公開攻略DBで図鑑番号＋名称を確認できず。家具・収納等の未公開/未整備カテゴリを含む
1480,,,未特定,,,,2026-08-23時点の公開攻略DBで図鑑番号＋名称を確認できず。家具・収納等の未公開/未整備カテゴリを含む
1481,,,未特定,,,,2026-08-23時点の公開攻略DBで図鑑番号＋名称を確認できず。家具・収納等の未公開/未整備カテゴリを含む
1482,,,未特定,,,,2026-08-23時点の公開攻略DBで図鑑番号＋名称を確認できず。家具・収納等の未公開/未整備カテゴリを含む
1483,,,未特定,,,,2026-08-23時点の公開攻略DBで図鑑番号＋名称を確認できず。家具・収納等の未公開/未整備カテゴリを含む
1484,,,未特定,,,,2026-08-23時点の公開攻略DBで図鑑番号＋名称を確認できず。家具・収納等の未公開/未整備カテゴリを含む
1485,,,未特定,,,,2026-08-23時点の公開攻略DBで図鑑番号＋名称を確認できず。家具・収納等の未公開/未整備カテゴリを含む
1486,,,未特定,,,,2026-08-23時点の公開攻略DBで図鑑番号＋名称を確認できず。家具・収納等の未公開/未整備カテゴリを含む
1487,,,未特定,,,,2026-08-23時点の公開攻略DBで図鑑番号＋名称を確認できず。家具・収納等の未公開/未整備カテゴリを含む
1488,,,未特定,,,,2026-08-23時点の公開攻略DBで図鑑番号＋名称を確認できず。家具・収納等の未公開/未整備カテゴリを含む
1489,,,未特定,,,,2026-08-23時点の公開攻略DBで図鑑番号＋名称を確認できず。家具・収納等の未公開/未整備カテゴリを含む
1490,,,未特定,,,,2026-08-23時点の公開攻略DBで図鑑番号＋名称を確認できず。家具・収納等の未公開/未整備カテゴリを含む
1491,,,未特定,,,,2026-08-23時点の公開攻略DBで図鑑番号＋名称を確認できず。家具・収納等の未公開/未整備カテゴリを含む
1492,,,未特定,,,,2026-08-23時点の公開攻略DBで図鑑番号＋名称を確認できず。家具・収納等の未公開/未整備カテゴリを含む
1493,,,未特定,,,,2026-08-23時点の公開攻略DBで図鑑番号＋名称を確認できず。家具・収納等の未公開/未整備カテゴリを含む
1494,,,未特定,,,,2026-08-23時点の公開攻略DBで図鑑番号＋名称を確認できず。家具・収納等の未公開/未整備カテゴリを含む
1495,,,未特定,,,,2026-08-23時点の公開攻略DBで図鑑番号＋名称を確認できず。家具・収納等の未公開/未整備カテゴリを含む
1496,,,未特定,,,,2026-08-23時点の公開攻略DBで図鑑番号＋名称を確認できず。家具・収納等の未公開/未整備カテゴリを含む
1497,,,未特定,,,,2026-08-23時点の公開攻略DBで図鑑番号＋名称を確認できず。家具・収納等の未公開/未整備カテゴリを含む
1498,,,未特定,,,,2026-08-23時点の公開攻略DBで図鑑番号＋名称を確認できず。家具・収納等の未公開/未整備カテゴリを含む
1499,,,未特定,,,,2026-08-23時点の公開攻略DBで図鑑番号＋名称を確認できず。家具・収納等の未公開/未整備カテゴリを含む
1500,,,未特定,,,,2026-08-23時点の公開攻略DBで図鑑番号＋名称を確認できず。家具・収納等の未公開/未整備カテゴリを含む
1501,,,未特定,,,,2026-08-23時点の公開攻略DBで図鑑番号＋名称を確認できず。家具・収納等の未公開/未整備カテゴリを含む
1502,,,未特定,,,,2026-08-23時点の公開攻略DBで図鑑番号＋名称を確認できず。家具・収納等の未公開/未整備カテゴリを含む
1503,,,未特定,,,,2026-08-23時点の公開攻略DBで図鑑番号＋名称を確認できず。家具・収納等の未公開/未整備カテゴリを含む
1504,,,未特定,,,,2026-08-23時点の公開攻略DBで図鑑番号＋名称を確認できず。家具・収納等の未公開/未整備カテゴリを含む
1505,,,未特定,,,,2026-08-23時点の公開攻略DBで図鑑番号＋名称を確認できず。家具・収納等の未公開/未整備カテゴリを含む
1506,,,未特定,,,,2026-08-23時点の公開攻略DBで図鑑番号＋名称を確認できず。家具・収納等の未公開/未整備カテゴリを含む
1507,,,未特定,,,,2026-08-23時点の公開攻略DBで図鑑番号＋名称を確認できず。家具・収納等の未公開/未整備カテゴリを含む
1508,,,未特定,,,,2026-08-23時点の公開攻略DBで図鑑番号＋名称を確認できず。家具・収納等の未公開/未整備カテゴリを含む
1509,,,未特定,,,,2026-08-23時点の公開攻略DBで図鑑番号＋名称を確認できず。家具・収納等の未公開/未整備カテゴリを含む
1510,,,未特定,,,,2026-08-23時点の公開攻略DBで図鑑番号＋名称を確認できず。家具・収納等の未公開/未整備カテゴリを含む
1511,,,未特定,,,,2026-08-23時点の公開攻略DBで図鑑番号＋名称を確認できず。家具・収納等の未公開/未整備カテゴリを含む
1512,,,未特定,,,,2026-08-23時点の公開攻略DBで図鑑番号＋名称を確認できず。家具・収納等の未公開/未整備カテゴリを含む
1513,,,未特定,,,,2026-08-23時点の公開攻略DBで図鑑番号＋名称を確認できず。家具・収納等の未公開/未整備カテゴリを含む
1514,,,未特定,,,,2026-08-23時点の公開攻略DBで図鑑番号＋名称を確認できず。家具・収納等の未公開/未整備カテゴリを含む
1515,,,未特定,,,,2026-08-23時点の公開攻略DBで図鑑番号＋名称を確認できず。家具・収納等の未公開/未整備カテゴリを含む
1516,,,未特定,,,,2026-08-23時点の公開攻略DBで図鑑番号＋名称を確認できず。家具・収納等の未公開/未整備カテゴリを含む
1517,,,未特定,,,,2026-08-23時点の公開攻略DBで図鑑番号＋名称を確認できず。家具・収納等の未公開/未整備カテゴリを含む
1518,,,未特定,,,,2026-08-23時点の公開攻略DBで図鑑番号＋名称を確認できず。家具・収納等の未公開/未整備カテゴリを含む
1519,,,未特定,,,,2026-08-23時点の公開攻略DBで図鑑番号＋名称を確認できず。家具・収納等の未公開/未整備カテゴリを含む
1520,,,未特定,,,,2026-08-23時点の公開攻略DBで図鑑番号＋名称を確認できず。家具・収納等の未公開/未整備カテゴリを含む
1521,,,未特定,,,,2026-08-23時点の公開攻略DBで図鑑番号＋名称を確認できず。家具・収納等の未公開/未整備カテゴリを含む
1522,,,未特定,,,,2026-08-23時点の公開攻略DBで図鑑番号＋名称を確認できず。家具・収納等の未公開/未整備カテゴリを含む
1523,,,未特定,,,,2026-08-23時点の公開攻略DBで図鑑番号＋名称を確認できず。家具・収納等の未公開/未整備カテゴリを含む
1524,,,未特定,,,,2026-08-23時点の公開攻略DBで図鑑番号＋名称を確認できず。家具・収納等の未公開/未整備カテゴリを含む
1525,,,未特定,,,,2026-08-23時点の公開攻略DBで図鑑番号＋名称を確認できず。家具・収納等の未公開/未整備カテゴリを含む
1526,,,未特定,,,,2026-08-23時点の公開攻略DBで図鑑番号＋名称を確認できず。家具・収納等の未公開/未整備カテゴリを含む
1527,,,未特定,,,,2026-08-23時点の公開攻略DBで図鑑番号＋名称を確認できず。家具・収納等の未公開/未整備カテゴリを含む
1528,,,未特定,,,,2026-08-23時点の公開攻略DBで図鑑番号＋名称を確認できず。家具・収納等の未公開/未整備カテゴリを含む
1529,,,未特定,,,,2026-08-23時点の公開攻略DBで図鑑番号＋名称を確認できず。家具・収納等の未公開/未整備カテゴリを含む
1530,,,未特定,,,,2026-08-23時点の公開攻略DBで図鑑番号＋名称を確認できず。家具・収納等の未公開/未整備カテゴリを含む
1531,,,未特定,,,,2026-08-23時点の公開攻略DBで図鑑番号＋名称を確認できず。家具・収納等の未公開/未整備カテゴリを含む
1532,,,未特定,,,,2026-08-23時点の公開攻略DBで図鑑番号＋名称を確認できず。家具・収納等の未公開/未整備カテゴリを含む
1533,,,未特定,,,,2026-08-23時点の公開攻略DBで図鑑番号＋名称を確認できず。家具・収納等の未公開/未整備カテゴリを含む
1534,,,未特定,,,,2026-08-23時点の公開攻略DBで図鑑番号＋名称を確認できず。家具・収納等の未公開/未整備カテゴリを含む
1535,,,未特定,,,,2026-08-23時点の公開攻略DBで図鑑番号＋名称を確認できず。家具・収納等の未公開/未整備カテゴリを含む
1536,,,未特定,,,,2026-08-23時点の公開攻略DBで図鑑番号＋名称を確認できず。家具・収納等の未公開/未整備カテゴリを含む
1537,,,未特定,,,,2026-08-23時点の公開攻略DBで図鑑番号＋名称を確認できず。家具・収納等の未公開/未整備カテゴリを含む
1538,,,未特定,,,,2026-08-23時点の公開攻略DBで図鑑番号＋名称を確認できず。家具・収納等の未公開/未整備カテゴリを含む
1539,,,未特定,,,,2026-08-23時点の公開攻略DBで図鑑番号＋名称を確認できず。家具・収納等の未公開/未整備カテゴリを含む
1540,,,未特定,,,,2026-08-23時点の公開攻略DBで図鑑番号＋名称を確認できず。家具・収納等の未公開/未整備カテゴリを含む
1541,,,未特定,,,,2026-08-23時点の公開攻略DBで図鑑番号＋名称を確認できず。家具・収納等の未公開/未整備カテゴリを含む
1542,,,未特定,,,,2026-08-23時点の公開攻略DBで図鑑番号＋名称を確認できず。家具・収納等の未公開/未整備カテゴリを含む
1543,,,未特定,,,,2026-08-23時点の公開攻略DBで図鑑番号＋名称を確認できず。家具・収納等の未公開/未整備カテゴリを含む
1544,,,未特定,,,,2026-08-23時点の公開攻略DBで図鑑番号＋名称を確認できず。家具・収納等の未公開/未整備カテゴリを含む
1545,,,未特定,,,,2026-08-23時点の公開攻略DBで図鑑番号＋名称を確認できず。家具・収納等の未公開/未整備カテゴリを含む
1546,,,未特定,,,,2026-08-23時点の公開攻略DBで図鑑番号＋名称を確認できず。家具・収納等の未公開/未整備カテゴリを含む
1547,,,未特定,,,,2026-08-23時点の公開攻略DBで図鑑番号＋名称を確認できず。家具・収納等の未公開/未整備カテゴリを含む
1548,,,未特定,,,,2026-08-23時点の公開攻略DBで図鑑番号＋名称を確認できず。家具・収納等の未公開/未整備カテゴリを含む
1549,,,未特定,,,,2026-08-23時点の公開攻略DBで図鑑番号＋名称を確認できず。家具・収納等の未公開/未整備カテゴリを含む
1550,,,未特定,,,,2026-08-23時点の公開攻略DBで図鑑番号＋名称を確認できず。家具・収納等の未公開/未整備カテゴリを含む
1551,,,未特定,,,,2026-08-23時点の公開攻略DBで図鑑番号＋名称を確認できず。家具・収納等の未公開/未整備カテゴリを含む
1552,,,未特定,,,,2026-08-23時点の公開攻略DBで図鑑番号＋名称を確認できず。家具・収納等の未公開/未整備カテゴリを含む
1553,,,未特定,,,,2026-08-23時点の公開攻略DBで図鑑番号＋名称を確認できず。家具・収納等の未公開/未整備カテゴリを含む
1554,,,未特定,,,,2026-08-23時点の公開攻略DBで図鑑番号＋名称を確認できず。家具・収納等の未公開/未整備カテゴリを含む
1555,,,未特定,,,,2026-08-23時点の公開攻略DBで図鑑番号＋名称を確認できず。家具・収納等の未公開/未整備カテゴリを含む
1556,,,未特定,,,,2026-08-23時点の公開攻略DBで図鑑番号＋名称を確認できず。家具・収納等の未公開/未整備カテゴリを含む
1557,,,未特定,,,,2026-08-23時点の公開攻略DBで図鑑番号＋名称を確認できず。家具・収納等の未公開/未整備カテゴリを含む
1558,,,未特定,,,,2026-08-23時点の公開攻略DBで図鑑番号＋名称を確認できず。家具・収納等の未公開/未整備カテゴリを含む
1559,,,未特定,,,,2026-08-23時点の公開攻略DBで図鑑番号＋名称を確認できず。家具・収納等の未公開/未整備カテゴリを含む
1560,,,未特定,,,,2026-08-23時点の公開攻略DBで図鑑番号＋名称を確認できず。家具・収納等の未公開/未整備カテゴリを含む
1561,,,未特定,,,,2026-08-23時点の公開攻略DBで図鑑番号＋名称を確認できず。家具・収納等の未公開/未整備カテゴリを含む
1562,,,未特定,,,,2026-08-23時点の公開攻略DBで図鑑番号＋名称を確認できず。家具・収納等の未公開/未整備カテゴリを含む
1563,,,未特定,,,,2026-08-23時点の公開攻略DBで図鑑番号＋名称を確認できず。家具・収納等の未公開/未整備カテゴリを含む
1564,,,未特定,,,,2026-08-23時点の公開攻略DBで図鑑番号＋名称を確認できず。家具・収納等の未公開/未整備カテゴリを含む
1565,,,未特定,,,,2026-08-23時点の公開攻略DBで図鑑番号＋名称を確認できず。家具・収納等の未公開/未整備カテゴリを含む
1566,,,未特定,,,,2026-08-23時点の公開攻略DBで図鑑番号＋名称を確認できず。家具・収納等の未公開/未整備カテゴリを含む
1567,,,未特定,,,,2026-08-23時点の公開攻略DBで図鑑番号＋名称を確認できず。家具・収納等の未公開/未整備カテゴリを含む
1568,,,未特定,,,,2026-08-23時点の公開攻略DBで図鑑番号＋名称を確認できず。家具・収納等の未公開/未整備カテゴリを含む
1569,,,未特定,,,,2026-08-23時点の公開攻略DBで図鑑番号＋名称を確認できず。家具・収納等の未公開/未整備カテゴリを含む
1570,,,未特定,,,,2026-08-23時点の公開攻略DBで図鑑番号＋名称を確認できず。家具・収納等の未公開/未整備カテゴリを含む
1571,,,未特定,,,,2026-08-23時点の公開攻略DBで図鑑番号＋名称を確認できず。家具・収納等の未公開/未整備カテゴリを含む
1572,,,未特定,,,,2026-08-23時点の公開攻略DBで図鑑番号＋名称を確認できず。家具・収納等の未公開/未整備カテゴリを含む
1573,,,未特定,,,,2026-08-23時点の公開攻略DBで図鑑番号＋名称を確認できず。家具・収納等の未公開/未整備カテゴリを含む
1574,,,未特定,,,,2026-08-23時点の公開攻略DBで図鑑番号＋名称を確認できず。家具・収納等の未公開/未整備カテゴリを含む
1575,,,未特定,,,,2026-08-23時点の公開攻略DBで図鑑番号＋名称を確認できず。家具・収納等の未公開/未整備カテゴリを含む
1576,,,未特定,,,,2026-08-23時点の公開攻略DBで図鑑番号＋名称を確認できず。家具・収納等の未公開/未整備カテゴリを含む
1577,,,未特定,,,,2026-08-23時点の公開攻略DBで図鑑番号＋名称を確認できず。家具・収納等の未公開/未整備カテゴリを含む
1578,,,未特定,,,,2026-08-23時点の公開攻略DBで図鑑番号＋名称を確認できず。家具・収納等の未公開/未整備カテゴリを含む
1579,,,未特定,,,,2026-08-23時点の公開攻略DBで図鑑番号＋名称を確認できず。家具・収納等の未公開/未整備カテゴリを含む
1580,,,未特定,,,,2026-08-23時点の公開攻略DBで図鑑番号＋名称を確認できず。家具・収納等の未公開/未整備カテゴリを含む
1581,,,未特定,,,,2026-08-23時点の公開攻略DBで図鑑番号＋名称を確認できず。家具・収納等の未公開/未整備カテゴリを含む
1582,,,未特定,,,,2026-08-23時点の公開攻略DBで図鑑番号＋名称を確認できず。家具・収納等の未公開/未整備カテゴリを含む
1583,,,未特定,,,,2026-08-23時点の公開攻略DBで図鑑番号＋名称を確認できず。家具・収納等の未公開/未整備カテゴリを含む
1584,,,未特定,,,,2026-08-23時点の公開攻略DBで図鑑番号＋名称を確認できず。家具・収納等の未公開/未整備カテゴリを含む
1585,,,未特定,,,,2026-08-23時点の公開攻略DBで図鑑番号＋名称を確認できず。家具・収納等の未公開/未整備カテゴリを含む
1586,,,未特定,,,,2026-08-23時点の公開攻略DBで図鑑番号＋名称を確認できず。家具・収納等の未公開/未整備カテゴリを含む
1587,,,未特定,,,,2026-08-23時点の公開攻略DBで図鑑番号＋名称を確認できず。家具・収納等の未公開/未整備カテゴリを含む
1588,,,未特定,,,,2026-08-23時点の公開攻略DBで図鑑番号＋名称を確認できず。家具・収納等の未公開/未整備カテゴリを含む
1589,,,未特定,,,,2026-08-23時点の公開攻略DBで図鑑番号＋名称を確認できず。家具・収納等の未公開/未整備カテゴリを含む
1590,,,未特定,,,,2026-08-23時点の公開攻略DBで図鑑番号＋名称を確認できず。家具・収納等の未公開/未整備カテゴリを含む
1591,,,未特定,,,,2026-08-23時点の公開攻略DBで図鑑番号＋名称を確認できず。家具・収納等の未公開/未整備カテゴリを含む
1592,,,未特定,,,,2026-08-23時点の公開攻略DBで図鑑番号＋名称を確認できず。家具・収納等の未公開/未整備カテゴリを含む
1593,,,未特定,,,,2026-08-23時点の公開攻略DBで図鑑番号＋名称を確認できず。家具・収納等の未公開/未整備カテゴリを含む
1594,,,未特定,,,,2026-08-23時点の公開攻略DBで図鑑番号＋名称を確認できず。家具・収納等の未公開/未整備カテゴリを含む
1595,,,未特定,,,,2026-08-23時点の公開攻略DBで図鑑番号＋名称を確認できず。家具・収納等の未公開/未整備カテゴリを含む
1596,,,未特定,,,,2026-08-23時点の公開攻略DBで図鑑番号＋名称を確認できず。家具・収納等の未公開/未整備カテゴリを含む
1597,,,未特定,,,,2026-08-23時点の公開攻略DBで図鑑番号＋名称を確認できず。家具・収納等の未公開/未整備カテゴリを含む
1598,,,未特定,,,,2026-08-23時点の公開攻略DBで図鑑番号＋名称を確認できず。家具・収納等の未公開/未整備カテゴリを含む
1599,,,未特定,,,,2026-08-23時点の公開攻略DBで図鑑番号＋名称を確認できず。家具・収納等の未公開/未整備カテゴリを含む
1600,,,未特定,,,,2026-08-23時点の公開攻略DBで図鑑番号＋名称を確認できず。家具・収納等の未公開/未整備カテゴリを含む
1601,,,未特定,,,,2026-08-23時点の公開攻略DBで図鑑番号＋名称を確認できず。家具・収納等の未公開/未整備カテゴリを含む
1602,,,未特定,,,,2026-08-23時点の公開攻略DBで図鑑番号＋名称を確認できず。家具・収納等の未公開/未整備カテゴリを含む
1603,,,未特定,,,,2026-08-23時点の公開攻略DBで図鑑番号＋名称を確認できず。家具・収納等の未公開/未整備カテゴリを含む
1604,,,未特定,,,,2026-08-23時点の公開攻略DBで図鑑番号＋名称を確認できず。家具・収納等の未公開/未整備カテゴリを含む
1605,,,未特定,,,,2026-08-23時点の公開攻略DBで図鑑番号＋名称を確認できず。家具・収納等の未公開/未整備カテゴリを含む
1606,,,未特定,,,,2026-08-23時点の公開攻略DBで図鑑番号＋名称を確認できず。家具・収納等の未公開/未整備カテゴリを含む
1607,,,未特定,,,,2026-08-23時点の公開攻略DBで図鑑番号＋名称を確認できず。家具・収納等の未公開/未整備カテゴリを含む
1608,,,未特定,,,,2026-08-23時点の公開攻略DBで図鑑番号＋名称を確認できず。家具・収納等の未公開/未整備カテゴリを含む
1609,,,未特定,,,,2026-08-23時点の公開攻略DBで図鑑番号＋名称を確認できず。家具・収納等の未公開/未整備カテゴリを含む
1610,,,未特定,,,,2026-08-23時点の公開攻略DBで図鑑番号＋名称を確認できず。家具・収納等の未公開/未整備カテゴリを含む
1611,,,未特定,,,,2026-08-23時点の公開攻略DBで図鑑番号＋名称を確認できず。家具・収納等の未公開/未整備カテゴリを含む
1612,,,未特定,,,,2026-08-23時点の公開攻略DBで図鑑番号＋名称を確認できず。家具・収納等の未公開/未整備カテゴリを含む
1613,,,未特定,,,,2026-08-23時点の公開攻略DBで図鑑番号＋名称を確認できず。家具・収納等の未公開/未整備カテゴリを含む
1614,,,未特定,,,,2026-08-23時点の公開攻略DBで図鑑番号＋名称を確認できず。家具・収納等の未公開/未整備カテゴリを含む
1615,,,未特定,,,,2026-08-23時点の公開攻略DBで図鑑番号＋名称を確認できず。家具・収納等の未公開/未整備カテゴリを含む
1616,,,未特定,,,,2026-08-23時点の公開攻略DBで図鑑番号＋名称を確認できず。家具・収納等の未公開/未整備カテゴリを含む
1617,,,未特定,,,,2026-08-23時点の公開攻略DBで図鑑番号＋名称を確認できず。家具・収納等の未公開/未整備カテゴリを含む
1618,,,未特定,,,,2026-08-23時点の公開攻略DBで図鑑番号＋名称を確認できず。家具・収納等の未公開/未整備カテゴリを含む
1619,,,未特定,,,,2026-08-23時点の公開攻略DBで図鑑番号＋名称を確認できず。家具・収納等の未公開/未整備カテゴリを含む
1620,,,未特定,,,,2026-08-23時点の公開攻略DBで図鑑番号＋名称を確認できず。家具・収納等の未公開/未整備カテゴリを含む
1621,,,未特定,,,,2026-08-23時点の公開攻略DBで図鑑番号＋名称を確認できず。家具・収納等の未公開/未整備カテゴリを含む
1622,,,未特定,,,,2026-08-23時点の公開攻略DBで図鑑番号＋名称を確認できず。家具・収納等の未公開/未整備カテゴリを含む
1623,,,未特定,,,,2026-08-23時点の公開攻略DBで図鑑番号＋名称を確認できず。家具・収納等の未公開/未整備カテゴリを含む
1624,,,未特定,,,,2026-08-23時点の公開攻略DBで図鑑番号＋名称を確認できず。家具・収納等の未公開/未整備カテゴリを含む
1625,,,未特定,,,,2026-08-23時点の公開攻略DBで図鑑番号＋名称を確認できず。家具・収納等の未公開/未整備カテゴリを含む
1626,,,未特定,,,,2026-08-23時点の公開攻略DBで図鑑番号＋名称を確認できず。家具・収納等の未公開/未整備カテゴリを含む
1627,,,未特定,,,,2026-08-23時点の公開攻略DBで図鑑番号＋名称を確認できず。家具・収納等の未公開/未整備カテゴリを含む
1628,,,未特定,,,,2026-08-23時点の公開攻略DBで図鑑番号＋名称を確認できず。家具・収納等の未公開/未整備カテゴリを含む
1629,,,未特定,,,,2026-08-23時点の公開攻略DBで図鑑番号＋名称を確認できず。家具・収納等の未公開/未整備カテゴリを含む
1630,,,未特定,,,,2026-08-23時点の公開攻略DBで図鑑番号＋名称を確認できず。家具・収納等の未公開/未整備カテゴリを含む
1631,,,未特定,,,,2026-08-23時点の公開攻略DBで図鑑番号＋名称を確認できず。家具・収納等の未公開/未整備カテゴリを含む
1632,,,未特定,,,,2026-08-23時点の公開攻略DBで図鑑番号＋名称を確認できず。家具・収納等の未公開/未整備カテゴリを含む
1633,,,未特定,,,,2026-08-23時点の公開攻略DBで図鑑番号＋名称を確認できず。家具・収納等の未公開/未整備カテゴリを含む
1634,,,未特定,,,,2026-08-23時点の公開攻略DBで図鑑番号＋名称を確認できず。家具・収納等の未公開/未整備カテゴリを含む
1635,,,未特定,,,,2026-08-23時点の公開攻略DBで図鑑番号＋名称を確認できず。家具・収納等の未公開/未整備カテゴリを含む
1636,,,未特定,,,,2026-08-23時点の公開攻略DBで図鑑番号＋名称を確認できず。家具・収納等の未公開/未整備カテゴリを含む
1637,,,未特定,,,,2026-08-23時点の公開攻略DBで図鑑番号＋名称を確認できず。家具・収納等の未公開/未整備カテゴリを含む
1638,,,未特定,,,,2026-08-23時点の公開攻略DBで図鑑番号＋名称を確認できず。家具・収納等の未公開/未整備カテゴリを含む
1639,,,未特定,,,,2026-08-23時点の公開攻略DBで図鑑番号＋名称を確認できず。家具・収納等の未公開/未整備カテゴリを含む
1640,,,未特定,,,,2026-08-23時点の公開攻略DBで図鑑番号＋名称を確認できず。家具・収納等の未公開/未整備カテゴリを含む
1641,,,未特定,,,,2026-08-23時点の公開攻略DBで図鑑番号＋名称を確認できず。家具・収納等の未公開/未整備カテゴリを含む
1642,,,未特定,,,,2026-08-23時点の公開攻略DBで図鑑番号＋名称を確認できず。家具・収納等の未公開/未整備カテゴリを含む
1643,,,未特定,,,,2026-08-23時点の公開攻略DBで図鑑番号＋名称を確認できず。家具・収納等の未公開/未整備カテゴリを含む
1644,,,未特定,,,,2026-08-23時点の公開攻略DBで図鑑番号＋名称を確認できず。家具・収納等の未公開/未整備カテゴリを含む
1645,,,未特定,,,,2026-08-23時点の公開攻略DBで図鑑番号＋名称を確認できず。家具・収納等の未公開/未整備カテゴリを含む
1646,,,未特定,,,,2026-08-23時点の公開攻略DBで図鑑番号＋名称を確認できず。家具・収納等の未公開/未整備カテゴリを含む
1647,,,未特定,,,,2026-08-23時点の公開攻略DBで図鑑番号＋名称を確認できず。家具・収納等の未公開/未整備カテゴリを含む
1648,,,未特定,,,,2026-08-23時点の公開攻略DBで図鑑番号＋名称を確認できず。家具・収納等の未公開/未整備カテゴリを含む
1649,,,未特定,,,,2026-08-23時点の公開攻略DBで図鑑番号＋名称を確認できず。家具・収納等の未公開/未整備カテゴリを含む
1650,,,未特定,,,,2026-08-23時点の公開攻略DBで図鑑番号＋名称を確認できず。家具・収納等の未公開/未整備カテゴリを含む
1651,,,未特定,,,,2026-08-23時点の公開攻略DBで図鑑番号＋名称を確認できず。家具・収納等の未公開/未整備カテゴリを含む
1652,,,未特定,,,,2026-08-23時点の公開攻略DBで図鑑番号＋名称を確認できず。家具・収納等の未公開/未整備カテゴリを含む
1653,,,未特定,,,,2026-08-23時点の公開攻略DBで図鑑番号＋名称を確認できず。家具・収納等の未公開/未整備カテゴリを含む
1654,,,未特定,,,,2026-08-23時点の公開攻略DBで図鑑番号＋名称を確認できず。家具・収納等の未公開/未整備カテゴリを含む
1655,,,未特定,,,,2026-08-23時点の公開攻略DBで図鑑番号＋名称を確認できず。家具・収納等の未公開/未整備カテゴリを含む
1656,,,未特定,,,,2026-08-23時点の公開攻略DBで図鑑番号＋名称を確認できず。家具・収納等の未公開/未整備カテゴリを含む
1657,,,未特定,,,,2026-08-23時点の公開攻略DBで図鑑番号＋名称を確認できず。家具・収納等の未公開/未整備カテゴリを含む
1658,,,未特定,,,,2026-08-23時点の公開攻略DBで図鑑番号＋名称を確認できず。家具・収納等の未公開/未整備カテゴリを含む
1659,,,未特定,,,,2026-08-23時点の公開攻略DBで図鑑番号＋名称を確認できず。家具・収納等の未公開/未整備カテゴリを含む
1660,,,未特定,,,,2026-08-23時点の公開攻略DBで図鑑番号＋名称を確認できず。家具・収納等の未公開/未整備カテゴリを含む
1661,,,未特定,,,,2026-08-23時点の公開攻略DBで図鑑番号＋名称を確認できず。家具・収納等の未公開/未整備カテゴリを含む
1662,,,未特定,,,,2026-08-23時点の公開攻略DBで図鑑番号＋名称を確認できず。家具・収納等の未公開/未整備カテゴリを含む
1663,,,未特定,,,,2026-08-23時点の公開攻略DBで図鑑番号＋名称を確認できず。家具・収納等の未公開/未整備カテゴリを含む
1664,,,未特定,,,,2026-08-23時点の公開攻略DBで図鑑番号＋名称を確認できず。家具・収納等の未公開/未整備カテゴリを含む
1665,,,未特定,,,,2026-08-23時点の公開攻略DBで図鑑番号＋名称を確認できず。家具・収納等の未公開/未整備カテゴリを含む
1666,,,未特定,,,,2026-08-23時点の公開攻略DBで図鑑番号＋名称を確認できず。家具・収納等の未公開/未整備カテゴリを含む
1667,,,未特定,,,,2026-08-23時点の公開攻略DBで図鑑番号＋名称を確認できず。家具・収納等の未公開/未整備カテゴリを含む
1668,,,未特定,,,,2026-08-23時点の公開攻略DBで図鑑番号＋名称を確認できず。家具・収納等の未公開/未整備カテゴリを含む
1669,,,未特定,,,,2026-08-23時点の公開攻略DBで図鑑番号＋名称を確認できず。家具・収納等の未公開/未整備カテゴリを含む
1670,,,未特定,,,,2026-08-23時点の公開攻略DBで図鑑番号＋名称を確認できず。家具・収納等の未公開/未整備カテゴリを含む
1671,,,未特定,,,,2026-08-23時点の公開攻略DBで図鑑番号＋名称を確認できず。家具・収納等の未公開/未整備カテゴリを含む
1672,,,未特定,,,,2026-08-23時点の公開攻略DBで図鑑番号＋名称を確認できず。家具・収納等の未公開/未整備カテゴリを含む
1673,,,未特定,,,,2026-08-23時点の公開攻略DBで図鑑番号＋名称を確認できず。家具・収納等の未公開/未整備カテゴリを含む
1674,,,未特定,,,,2026-08-23時点の公開攻略DBで図鑑番号＋名称を確認できず。家具・収納等の未公開/未整備カテゴリを含む
1675,,,未特定,,,,2026-08-23時点の公開攻略DBで図鑑番号＋名称を確認できず。家具・収納等の未公開/未整備カテゴリを含む
1676,,,未特定,,,,2026-08-23時点の公開攻略DBで図鑑番号＋名称を確認できず。家具・収納等の未公開/未整備カテゴリを含む
1677,,,未特定,,,,2026-08-23時点の公開攻略DBで図鑑番号＋名称を確認できず。家具・収納等の未公開/未整備カテゴリを含む
1678,,,未特定,,,,2026-08-23時点の公開攻略DBで図鑑番号＋名称を確認できず。家具・収納等の未公開/未整備カテゴリを含む
1679,,,未特定,,,,2026-08-23時点の公開攻略DBで図鑑番号＋名称を確認できず。家具・収納等の未公開/未整備カテゴリを含む
1680,,,未特定,,,,2026-08-23時点の公開攻略DBで図鑑番号＋名称を確認できず。家具・収納等の未公開/未整備カテゴリを含む
1681,,,未特定,,,,2026-08-23時点の公開攻略DBで図鑑番号＋名称を確認できず。家具・収納等の未公開/未整備カテゴリを含む
1682,,,未特定,,,,2026-08-23時点の公開攻略DBで図鑑番号＋名称を確認できず。家具・収納等の未公開/未整備カテゴリを含む
1683,,,未特定,,,,2026-08-23時点の公開攻略DBで図鑑番号＋名称を確認できず。家具・収納等の未公開/未整備カテゴリを含む
1684,,,未特定,,,,2026-08-23時点の公開攻略DBで図鑑番号＋名称を確認できず。家具・収納等の未公開/未整備カテゴリを含む
1685,,,未特定,,,,2026-08-23時点の公開攻略DBで図鑑番号＋名称を確認できず。家具・収納等の未公開/未整備カテゴリを含む
1686,,,未特定,,,,2026-08-23時点の公開攻略DBで図鑑番号＋名称を確認できず。家具・収納等の未公開/未整備カテゴリを含む
1687,,,未特定,,,,2026-08-23時点の公開攻略DBで図鑑番号＋名称を確認できず。家具・収納等の未公開/未整備カテゴリを含む
1688,,,未特定,,,,2026-08-23時点の公開攻略DBで図鑑番号＋名称を確認できず。家具・収納等の未公開/未整備カテゴリを含む
1689,,,未特定,,,,2026-08-23時点の公開攻略DBで図鑑番号＋名称を確認できず。家具・収納等の未公開/未整備カテゴリを含む
1690,,,未特定,,,,2026-08-23時点の公開攻略DBで図鑑番号＋名称を確認できず。家具・収納等の未公開/未整備カテゴリを含む
1691,,,未特定,,,,2026-08-23時点の公開攻略DBで図鑑番号＋名称を確認できず。家具・収納等の未公開/未整備カテゴリを含む
1692,,,未特定,,,,2026-08-23時点の公開攻略DBで図鑑番号＋名称を確認できず。家具・収納等の未公開/未整備カテゴリを含む
1693,,,未特定,,,,2026-08-23時点の公開攻略DBで図鑑番号＋名称を確認できず。家具・収納等の未公開/未整備カテゴリを含む
1694,,,未特定,,,,2026-08-23時点の公開攻略DBで図鑑番号＋名称を確認できず。家具・収納等の未公開/未整備カテゴリを含む
1695,,,未特定,,,,2026-08-23時点の公開攻略DBで図鑑番号＋名称を確認できず。家具・収納等の未公開/未整備カテゴリを含む
1696,,,未特定,,,,2026-08-23時点の公開攻略DBで図鑑番号＋名称を確認できず。家具・収納等の未公開/未整備カテゴリを含む
1697,,,未特定,,,,2026-08-23時点の公開攻略DBで図鑑番号＋名称を確認できず。家具・収納等の未公開/未整備カテゴリを含む
1698,,,未特定,,,,2026-08-23時点の公開攻略DBで図鑑番号＋名称を確認できず。家具・収納等の未公開/未整備カテゴリを含む
1699,,,未特定,,,,2026-08-23時点の公開攻略DBで図鑑番号＋名称を確認できず。家具・収納等の未公開/未整備カテゴリを含む
1700,,,未特定,,,,2026-08-23時点の公開攻略DBで図鑑番号＋名称を確認できず。家具・収納等の未公開/未整備カテゴリを含む
1701,,,未特定,,,,2026-08-23時点の公開攻略DBで図鑑番号＋名称を確認できず。家具・収納等の未公開/未整備カテゴリを含む
1702,,,未特定,,,,2026-08-23時点の公開攻略DBで図鑑番号＋名称を確認できず。家具・収納等の未公開/未整備カテゴリを含む
1703,,,未特定,,,,2026-08-23時点の公開攻略DBで図鑑番号＋名称を確認できず。家具・収納等の未公開/未整備カテゴリを含む
1704,,,未特定,,,,2026-08-23時点の公開攻略DBで図鑑番号＋名称を確認できず。家具・収納等の未公開/未整備カテゴリを含む
1705,,,未特定,,,,2026-08-23時点の公開攻略DBで図鑑番号＋名称を確認できず。家具・収納等の未公開/未整備カテゴリを含む
1706,,,未特定,,,,2026-08-23時点の公開攻略DBで図鑑番号＋名称を確認できず。家具・収納等の未公開/未整備カテゴリを含む
1707,,,未特定,,,,2026-08-23時点の公開攻略DBで図鑑番号＋名称を確認できず。家具・収納等の未公開/未整備カテゴリを含む
1708,,,未特定,,,,2026-08-23時点の公開攻略DBで図鑑番号＋名称を確認できず。家具・収納等の未公開/未整備カテゴリを含む
1709,,,未特定,,,,2026-08-23時点の公開攻略DBで図鑑番号＋名称を確認できず。家具・収納等の未公開/未整備カテゴリを含む
1710,,,未特定,,,,2026-08-23時点の公開攻略DBで図鑑番号＋名称を確認できず。家具・収納等の未公開/未整備カテゴリを含む
1711,,,未特定,,,,2026-08-23時点の公開攻略DBで図鑑番号＋名称を確認できず。家具・収納等の未公開/未整備カテゴリを含む
1712,,,未特定,,,,2026-08-23時点の公開攻略DBで図鑑番号＋名称を確認できず。家具・収納等の未公開/未整備カテゴリを含む
1713,,,未特定,,,,2026-08-23時点の公開攻略DBで図鑑番号＋名称を確認できず。家具・収納等の未公開/未整備カテゴリを含む
1714,,,未特定,,,,2026-08-23時点の公開攻略DBで図鑑番号＋名称を確認できず。家具・収納等の未公開/未整備カテゴリを含む
1715,,,未特定,,,,2026-08-23時点の公開攻略DBで図鑑番号＋名称を確認できず。家具・収納等の未公開/未整備カテゴリを含む
1716,,,未特定,,,,2026-08-23時点の公開攻略DBで図鑑番号＋名称を確認できず。家具・収納等の未公開/未整備カテゴリを含む
1717,,,未特定,,,,2026-08-23時点の公開攻略DBで図鑑番号＋名称を確認できず。家具・収納等の未公開/未整備カテゴリを含む
1718,,,未特定,,,,2026-08-23時点の公開攻略DBで図鑑番号＋名称を確認できず。家具・収納等の未公開/未整備カテゴリを含む
1719,,,未特定,,,,2026-08-23時点の公開攻略DBで図鑑番号＋名称を確認できず。家具・収納等の未公開/未整備カテゴリを含む
1720,,,未特定,,,,2026-08-23時点の公開攻略DBで図鑑番号＋名称を確認できず。家具・収納等の未公開/未整備カテゴリを含む
1721,,,未特定,,,,2026-08-23時点の公開攻略DBで図鑑番号＋名称を確認できず。家具・収納等の未公開/未整備カテゴリを含む
1722,,,未特定,,,,2026-08-23時点の公開攻略DBで図鑑番号＋名称を確認できず。家具・収納等の未公開/未整備カテゴリを含む
1723,,,未特定,,,,2026-08-23時点の公開攻略DBで図鑑番号＋名称を確認できず。家具・収納等の未公開/未整備カテゴリを含む
1724,,,未特定,,,,2026-08-23時点の公開攻略DBで図鑑番号＋名称を確認できず。家具・収納等の未公開/未整備カテゴリを含む
1725,,,未特定,,,,2026-08-23時点の公開攻略DBで図鑑番号＋名称を確認できず。家具・収納等の未公開/未整備カテゴリを含む
1726,,,未特定,,,,2026-08-23時点の公開攻略DBで図鑑番号＋名称を確認できず。家具・収納等の未公開/未整備カテゴリを含む
1727,,,未特定,,,,2026-08-23時点の公開攻略DBで図鑑番号＋名称を確認できず。家具・収納等の未公開/未整備カテゴリを含む
1728,,,未特定,,,,2026-08-23時点の公開攻略DBで図鑑番号＋名称を確認できず。家具・収納等の未公開/未整備カテゴリを含む
1729,,,未特定,,,,2026-08-23時点の公開攻略DBで図鑑番号＋名称を確認できず。家具・収納等の未公開/未整備カテゴリを含む
1730,,,未特定,,,,2026-08-23時点の公開攻略DBで図鑑番号＋名称を確認できず。家具・収納等の未公開/未整備カテゴリを含む
1731,,,未特定,,,,2026-08-23時点の公開攻略DBで図鑑番号＋名称を確認できず。家具・収納等の未公開/未整備カテゴリを含む
1732,,,未特定,,,,2026-08-23時点の公開攻略DBで図鑑番号＋名称を確認できず。家具・収納等の未公開/未整備カテゴリを含む
1733,,,未特定,,,,2026-08-23時点の公開攻略DBで図鑑番号＋名称を確認できず。家具・収納等の未公開/未整備カテゴリを含む
1734,,,未特定,,,,2026-08-23時点の公開攻略DBで図鑑番号＋名称を確認できず。家具・収納等の未公開/未整備カテゴリを含む
1735,,,未特定,,,,2026-08-23時点の公開攻略DBで図鑑番号＋名称を確認できず。家具・収納等の未公開/未整備カテゴリを含む
1736,,,未特定,,,,2026-08-23時点の公開攻略DBで図鑑番号＋名称を確認できず。家具・収納等の未公開/未整備カテゴリを含む
1737,,,未特定,,,,2026-08-23時点の公開攻略DBで図鑑番号＋名称を確認できず。家具・収納等の未公開/未整備カテゴリを含む
1738,,,未特定,,,,2026-08-23時点の公開攻略DBで図鑑番号＋名称を確認できず。家具・収納等の未公開/未整備カテゴリを含む
1739,,,未特定,,,,2026-08-23時点の公開攻略DBで図鑑番号＋名称を確認できず。家具・収納等の未公開/未整備カテゴリを含む
1740,,,未特定,,,,2026-08-23時点の公開攻略DBで図鑑番号＋名称を確認できず。家具・収納等の未公開/未整備カテゴリを含む
1741,,,未特定,,,,2026-08-23時点の公開攻略DBで図鑑番号＋名称を確認できず。家具・収納等の未公開/未整備カテゴリを含む
1742,,,未特定,,,,2026-08-23時点の公開攻略DBで図鑑番号＋名称を確認できず。家具・収納等の未公開/未整備カテゴリを含む
1743,,,未特定,,,,2026-08-23時点の公開攻略DBで図鑑番号＋名称を確認できず。家具・収納等の未公開/未整備カテゴリを含む
1744,,,未特定,,,,2026-08-23時点の公開攻略DBで図鑑番号＋名称を確認できず。家具・収納等の未公開/未整備カテゴリを含む
1745,,,未特定,,,,2026-08-23時点の公開攻略DBで図鑑番号＋名称を確認できず。家具・収納等の未公開/未整備カテゴリを含む
1746,,,未特定,,,,2026-08-23時点の公開攻略DBで図鑑番号＋名称を確認できず。家具・収納等の未公開/未整備カテゴリを含む
1747,,,未特定,,,,2026-08-23時点の公開攻略DBで図鑑番号＋名称を確認できず。家具・収納等の未公開/未整備カテゴリを含む
1748,,,未特定,,,,2026-08-23時点の公開攻略DBで図鑑番号＋名称を確認できず。家具・収納等の未公開/未整備カテゴリを含む
1749,,,未特定,,,,2026-08-23時点の公開攻略DBで図鑑番号＋名称を確認できず。家具・収納等の未公開/未整備カテゴリを含む
1750,,,未特定,,,,2026-08-23時点の公開攻略DBで図鑑番号＋名称を確認できず。家具・収納等の未公開/未整備カテゴリを含む
1751,,,未特定,,,,2026-08-23時点の公開攻略DBで図鑑番号＋名称を確認できず。家具・収納等の未公開/未整備カテゴリを含む
1752,,,未特定,,,,2026-08-23時点の公開攻略DBで図鑑番号＋名称を確認できず。家具・収納等の未公開/未整備カテゴリを含む
1753,,,未特定,,,,2026-08-23時点の公開攻略DBで図鑑番号＋名称を確認できず。家具・収納等の未公開/未整備カテゴリを含む
1754,,,未特定,,,,2026-08-23時点の公開攻略DBで図鑑番号＋名称を確認できず。家具・収納等の未公開/未整備カテゴリを含む
1755,,,未特定,,,,2026-08-23時点の公開攻略DBで図鑑番号＋名称を確認できず。家具・収納等の未公開/未整備カテゴリを含む
1756,,,未特定,,,,2026-08-23時点の公開攻略DBで図鑑番号＋名称を確認できず。家具・収納等の未公開/未整備カテゴリを含む
1757,,,未特定,,,,2026-08-23時点の公開攻略DBで図鑑番号＋名称を確認できず。家具・収納等の未公開/未整備カテゴリを含む
1758,,,未特定,,,,2026-08-23時点の公開攻略DBで図鑑番号＋名称を確認できず。家具・収納等の未公開/未整備カテゴリを含む
1759,,,未特定,,,,2026-08-23時点の公開攻略DBで図鑑番号＋名称を確認できず。家具・収納等の未公開/未整備カテゴリを含む
1760,,,未特定,,,,2026-08-23時点の公開攻略DBで図鑑番号＋名称を確認できず。家具・収納等の未公開/未整備カテゴリを含む
1761,,,未特定,,,,2026-08-23時点の公開攻略DBで図鑑番号＋名称を確認できず。家具・収納等の未公開/未整備カテゴリを含む
1762,,,未特定,,,,2026-08-23時点の公開攻略DBで図鑑番号＋名称を確認できず。家具・収納等の未公開/未整備カテゴリを含む
1763,,,未特定,,,,2026-08-23時点の公開攻略DBで図鑑番号＋名称を確認できず。家具・収納等の未公開/未整備カテゴリを含む
1764,,,未特定,,,,2026-08-23時点の公開攻略DBで図鑑番号＋名称を確認できず。家具・収納等の未公開/未整備カテゴリを含む
1765,,,未特定,,,,2026-08-23時点の公開攻略DBで図鑑番号＋名称を確認できず。家具・収納等の未公開/未整備カテゴリを含む
1766,,,未特定,,,,2026-08-23時点の公開攻略DBで図鑑番号＋名称を確認できず。家具・収納等の未公開/未整備カテゴリを含む
1767,,,未特定,,,,2026-08-23時点の公開攻略DBで図鑑番号＋名称を確認できず。家具・収納等の未公開/未整備カテゴリを含む
1768,,,未特定,,,,2026-08-23時点の公開攻略DBで図鑑番号＋名称を確認できず。家具・収納等の未公開/未整備カテゴリを含む
1769,,,未特定,,,,2026-08-23時点の公開攻略DBで図鑑番号＋名称を確認できず。家具・収納等の未公開/未整備カテゴリを含む
1770,,,未特定,,,,2026-08-23時点の公開攻略DBで図鑑番号＋名称を確認できず。家具・収納等の未公開/未整備カテゴリを含む
1771,,,未特定,,,,2026-08-23時点の公開攻略DBで図鑑番号＋名称を確認できず。家具・収納等の未公開/未整備カテゴリを含む
1772,,,未特定,,,,2026-08-23時点の公開攻略DBで図鑑番号＋名称を確認できず。家具・収納等の未公開/未整備カテゴリを含む
1773,,,未特定,,,,2026-08-23時点の公開攻略DBで図鑑番号＋名称を確認できず。家具・収納等の未公開/未整備カテゴリを含む
1774,,,未特定,,,,2026-08-23時点の公開攻略DBで図鑑番号＋名称を確認できず。家具・収納等の未公開/未整備カテゴリを含む
1775,,,未特定,,,,2026-08-23時点の公開攻略DBで図鑑番号＋名称を確認できず。家具・収納等の未公開/未整備カテゴリを含む
1776,,,未特定,,,,2026-08-23時点の公開攻略DBで図鑑番号＋名称を確認できず。家具・収納等の未公開/未整備カテゴリを含む
1777,,,未特定,,,,2026-08-23時点の公開攻略DBで図鑑番号＋名称を確認できず。家具・収納等の未公開/未整備カテゴリを含む
1778,,,未特定,,,,2026-08-23時点の公開攻略DBで図鑑番号＋名称を確認できず。家具・収納等の未公開/未整備カテゴリを含む
1779,,,未特定,,,,2026-08-23時点の公開攻略DBで図鑑番号＋名称を確認できず。家具・収納等の未公開/未整備カテゴリを含む
1780,,,未特定,,,,2026-08-23時点の公開攻略DBで図鑑番号＋名称を確認できず。家具・収納等の未公開/未整備カテゴリを含む
1781,,,未特定,,,,2026-08-23時点の公開攻略DBで図鑑番号＋名称を確認できず。家具・収納等の未公開/未整備カテゴリを含む
1782,,,未特定,,,,2026-08-23時点の公開攻略DBで図鑑番号＋名称を確認できず。家具・収納等の未公開/未整備カテゴリを含む
1783,,,未特定,,,,2026-08-23時点の公開攻略DBで図鑑番号＋名称を確認できず。家具・収納等の未公開/未整備カテゴリを含む
1784,,,未特定,,,,2026-08-23時点の公開攻略DBで図鑑番号＋名称を確認できず。家具・収納等の未公開/未整備カテゴリを含む
1785,,,未特定,,,,2026-08-23時点の公開攻略DBで図鑑番号＋名称を確認できず。家具・収納等の未公開/未整備カテゴリを含む
1786,,,未特定,,,,2026-08-23時点の公開攻略DBで図鑑番号＋名称を確認できず。家具・収納等の未公開/未整備カテゴリを含む
1787,,,未特定,,,,2026-08-23時点の公開攻略DBで図鑑番号＋名称を確認できず。家具・収納等の未公開/未整備カテゴリを含む
1788,,,未特定,,,,2026-08-23時点の公開攻略DBで図鑑番号＋名称を確認できず。家具・収納等の未公開/未整備カテゴリを含む
1789,,,未特定,,,,2026-08-23時点の公開攻略DBで図鑑番号＋名称を確認できず。家具・収納等の未公開/未整備カテゴリを含む
1790,,,未特定,,,,2026-08-23時点の公開攻略DBで図鑑番号＋名称を確認できず。家具・収納等の未公開/未整備カテゴリを含む
1791,,,未特定,,,,2026-08-23時点の公開攻略DBで図鑑番号＋名称を確認できず。家具・収納等の未公開/未整備カテゴリを含む
1792,,,未特定,,,,2026-08-23時点の公開攻略DBで図鑑番号＋名称を確認できず。家具・収納等の未公開/未整備カテゴリを含む
1793,,,未特定,,,,2026-08-23時点の公開攻略DBで図鑑番号＋名称を確認できず。家具・収納等の未公開/未整備カテゴリを含む
1794,,,未特定,,,,2026-08-23時点の公開攻略DBで図鑑番号＋名称を確認できず。家具・収納等の未公開/未整備カテゴリを含む
1795,,,未特定,,,,2026-08-23時点の公開攻略DBで図鑑番号＋名称を確認できず。家具・収納等の未公開/未整備カテゴリを含む
1796,,,未特定,,,,2026-08-23時点の公開攻略DBで図鑑番号＋名称を確認できず。家具・収納等の未公開/未整備カテゴリを含む
1797,,,未特定,,,,2026-08-23時点の公開攻略DBで図鑑番号＋名称を確認できず。家具・収納等の未公開/未整備カテゴリを含む
1798,,,未特定,,,,2026-08-23時点の公開攻略DBで図鑑番号＋名称を確認できず。家具・収納等の未公開/未整備カテゴリを含む
1799,,,未特定,,,,2026-08-23時点の公開攻略DBで図鑑番号＋名称を確認できず。家具・収納等の未公開/未整備カテゴリを含む
1800,,,未特定,,,,2026-08-23時点の公開攻略DBで図鑑番号＋名称を確認できず。家具・収納等の未公開/未整備カテゴリを含む
1801,,,未特定,,,,2026-08-23時点の公開攻略DBで図鑑番号＋名称を確認できず。家具・収納等の未公開/未整備カテゴリを含む
1802,,,未特定,,,,2026-08-23時点の公開攻略DBで図鑑番号＋名称を確認できず。家具・収納等の未公開/未整備カテゴリを含む
1803,,,未特定,,,,2026-08-23時点の公開攻略DBで図鑑番号＋名称を確認できず。家具・収納等の未公開/未整備カテゴリを含む
1804,,,未特定,,,,2026-08-23時点の公開攻略DBで図鑑番号＋名称を確認できず。家具・収納等の未公開/未整備カテゴリを含む
1805,,,未特定,,,,2026-08-23時点の公開攻略DBで図鑑番号＋名称を確認できず。家具・収納等の未公開/未整備カテゴリを含む
1806,,,未特定,,,,2026-08-23時点の公開攻略DBで図鑑番号＋名称を確認できず。家具・収納等の未公開/未整備カテゴリを含む
1807,,,未特定,,,,2026-08-23時点の公開攻略DBで図鑑番号＋名称を確認できず。家具・収納等の未公開/未整備カテゴリを含む
1808,,,未特定,,,,2026-08-23時点の公開攻略DBで図鑑番号＋名称を確認できず。家具・収納等の未公開/未整備カテゴリを含む
1809,,,未特定,,,,2026-08-23時点の公開攻略DBで図鑑番号＋名称を確認できず。家具・収納等の未公開/未整備カテゴリを含む
1810,,,未特定,,,,2026-08-23時点の公開攻略DBで図鑑番号＋名称を確認できず。家具・収納等の未公開/未整備カテゴリを含む
1811,,,未特定,,,,2026-08-23時点の公開攻略DBで図鑑番号＋名称を確認できず。家具・収納等の未公開/未整備カテゴリを含む
1812,,,未特定,,,,2026-08-23時点の公開攻略DBで図鑑番号＋名称を確認できず。家具・収納等の未公開/未整備カテゴリを含む
1813,,,未特定,,,,2026-08-23時点の公開攻略DBで図鑑番号＋名称を確認できず。家具・収納等の未公開/未整備カテゴリを含む
1814,,,未特定,,,,2026-08-23時点の公開攻略DBで図鑑番号＋名称を確認できず。家具・収納等の未公開/未整備カテゴリを含む
1815,,,未特定,,,,2026-08-23時点の公開攻略DBで図鑑番号＋名称を確認できず。家具・収納等の未公開/未整備カテゴリを含む
1816,,,未特定,,,,2026-08-23時点の公開攻略DBで図鑑番号＋名称を確認できず。家具・収納等の未公開/未整備カテゴリを含む
1817,,,未特定,,,,2026-08-23時点の公開攻略DBで図鑑番号＋名称を確認できず。家具・収納等の未公開/未整備カテゴリを含む
1818,,,未特定,,,,2026-08-23時点の公開攻略DBで図鑑番号＋名称を確認できず。家具・収納等の未公開/未整備カテゴリを含む
1819,,,未特定,,,,2026-08-23時点の公開攻略DBで図鑑番号＋名称を確認できず。家具・収納等の未公開/未整備カテゴリを含む
1820,,,未特定,,,,2026-08-23時点の公開攻略DBで図鑑番号＋名称を確認できず。家具・収納等の未公開/未整備カテゴリを含む
1821,,,未特定,,,,2026-08-23時点の公開攻略DBで図鑑番号＋名称を確認できず。家具・収納等の未公開/未整備カテゴリを含む
1822,,,未特定,,,,2026-08-23時点の公開攻略DBで図鑑番号＋名称を確認できず。家具・収納等の未公開/未整備カテゴリを含む
1823,,,未特定,,,,2026-08-23時点の公開攻略DBで図鑑番号＋名称を確認できず。家具・収納等の未公開/未整備カテゴリを含む
1824,,,未特定,,,,2026-08-23時点の公開攻略DBで図鑑番号＋名称を確認できず。家具・収納等の未公開/未整備カテゴリを含む
1825,,,未特定,,,,2026-08-23時点の公開攻略DBで図鑑番号＋名称を確認できず。家具・収納等の未公開/未整備カテゴリを含む
1826,,,未特定,,,,2026-08-23時点の公開攻略DBで図鑑番号＋名称を確認できず。家具・収納等の未公開/未整備カテゴリを含む
1827,,,未特定,,,,2026-08-23時点の公開攻略DBで図鑑番号＋名称を確認できず。家具・収納等の未公開/未整備カテゴリを含む
1828,,,未特定,,,,2026-08-23時点の公開攻略DBで図鑑番号＋名称を確認できず。家具・収納等の未公開/未整備カテゴリを含む
1829,,,未特定,,,,2026-08-23時点の公開攻略DBで図鑑番号＋名称を確認できず。家具・収納等の未公開/未整備カテゴリを含む
1830,,,未特定,,,,2026-08-23時点の公開攻略DBで図鑑番号＋名称を確認できず。家具・収納等の未公開/未整備カテゴリを含む
1831,,,未特定,,,,2026-08-23時点の公開攻略DBで図鑑番号＋名称を確認できず。家具・収納等の未公開/未整備カテゴリを含む
1832,,,未特定,,,,2026-08-23時点の公開攻略DBで図鑑番号＋名称を確認できず。家具・収納等の未公開/未整備カテゴリを含む
1833,,,未特定,,,,2026-08-23時点の公開攻略DBで図鑑番号＋名称を確認できず。家具・収納等の未公開/未整備カテゴリを含む
1834,,,未特定,,,,2026-08-23時点の公開攻略DBで図鑑番号＋名称を確認できず。家具・収納等の未公開/未整備カテゴリを含む
1835,,,未特定,,,,2026-08-23時点の公開攻略DBで図鑑番号＋名称を確認できず。家具・収納等の未公開/未整備カテゴリを含む
1836,,,未特定,,,,2026-08-23時点の公開攻略DBで図鑑番号＋名称を確認できず。家具・収納等の未公開/未整備カテゴリを含む
1837,,,未特定,,,,2026-08-23時点の公開攻略DBで図鑑番号＋名称を確認できず。家具・収納等の未公開/未整備カテゴリを含む
1838,,,未特定,,,,2026-08-23時点の公開攻略DBで図鑑番号＋名称を確認できず。家具・収納等の未公開/未整備カテゴリを含む
1839,,,未特定,,,,2026-08-23時点の公開攻略DBで図鑑番号＋名称を確認できず。家具・収納等の未公開/未整備カテゴリを含む
1840,,,未特定,,,,2026-08-23時点の公開攻略DBで図鑑番号＋名称を確認できず。家具・収納等の未公開/未整備カテゴリを含む
1841,,,未特定,,,,2026-08-23時点の公開攻略DBで図鑑番号＋名称を確認できず。家具・収納等の未公開/未整備カテゴリを含む
1842,,,未特定,,,,2026-08-23時点の公開攻略DBで図鑑番号＋名称を確認できず。家具・収納等の未公開/未整備カテゴリを含む
1843,,,未特定,,,,2026-08-23時点の公開攻略DBで図鑑番号＋名称を確認できず。家具・収納等の未公開/未整備カテゴリを含む
1844,,,未特定,,,,2026-08-23時点の公開攻略DBで図鑑番号＋名称を確認できず。家具・収納等の未公開/未整備カテゴリを含む
1845,,,未特定,,,,2026-08-23時点の公開攻略DBで図鑑番号＋名称を確認できず。家具・収納等の未公開/未整備カテゴリを含む
1846,,,未特定,,,,2026-08-23時点の公開攻略DBで図鑑番号＋名称を確認できず。家具・収納等の未公開/未整備カテゴリを含む
1847,,,未特定,,,,2026-08-23時点の公開攻略DBで図鑑番号＋名称を確認できず。家具・収納等の未公開/未整備カテゴリを含む
1848,,,未特定,,,,2026-08-23時点の公開攻略DBで図鑑番号＋名称を確認できず。家具・収納等の未公開/未整備カテゴリを含む
1849,,,未特定,,,,2026-08-23時点の公開攻略DBで図鑑番号＋名称を確認できず。家具・収納等の未公開/未整備カテゴリを含む
1850,,,未特定,,,,2026-08-23時点の公開攻略DBで図鑑番号＋名称を確認できず。家具・収納等の未公開/未整備カテゴリを含む
1851,,,未特定,,,,2026-08-23時点の公開攻略DBで図鑑番号＋名称を確認できず。家具・収納等の未公開/未整備カテゴリを含む
1852,,,未特定,,,,2026-08-23時点の公開攻略DBで図鑑番号＋名称を確認できず。家具・収納等の未公開/未整備カテゴリを含む
1853,,,未特定,,,,2026-08-23時点の公開攻略DBで図鑑番号＋名称を確認できず。家具・収納等の未公開/未整備カテゴリを含む
1854,,,未特定,,,,2026-08-23時点の公開攻略DBで図鑑番号＋名称を確認できず。家具・収納等の未公開/未整備カテゴリを含む
1855,,,未特定,,,,2026-08-23時点の公開攻略DBで図鑑番号＋名称を確認できず。家具・収納等の未公開/未整備カテゴリを含む
1856,,,未特定,,,,2026-08-23時点の公開攻略DBで図鑑番号＋名称を確認できず。家具・収納等の未公開/未整備カテゴリを含む
1857,,,未特定,,,,2026-08-23時点の公開攻略DBで図鑑番号＋名称を確認できず。家具・収納等の未公開/未整備カテゴリを含む
1858,,,未特定,,,,2026-08-23時点の公開攻略DBで図鑑番号＋名称を確認できず。家具・収納等の未公開/未整備カテゴリを含む
1859,,,未特定,,,,2026-08-23時点の公開攻略DBで図鑑番号＋名称を確認できず。家具・収納等の未公開/未整備カテゴリを含む
1860,,,未特定,,,,2026-08-23時点の公開攻略DBで図鑑番号＋名称を確認できず。家具・収納等の未公開/未整備カテゴリを含む
1861,,,未特定,,,,2026-08-23時点の公開攻略DBで図鑑番号＋名称を確認できず。家具・収納等の未公開/未整備カテゴリを含む
1862,,,未特定,,,,2026-08-23時点の公開攻略DBで図鑑番号＋名称を確認できず。家具・収納等の未公開/未整備カテゴリを含む
1863,,,未特定,,,,2026-08-23時点の公開攻略DBで図鑑番号＋名称を確認できず。家具・収納等の未公開/未整備カテゴリを含む
1864,,,未特定,,,,2026-08-23時点の公開攻略DBで図鑑番号＋名称を確認できず。家具・収納等の未公開/未整備カテゴリを含む
1865,,,未特定,,,,2026-08-23時点の公開攻略DBで図鑑番号＋名称を確認できず。家具・収納等の未公開/未整備カテゴリを含む
1866,,,未特定,,,,2026-08-23時点の公開攻略DBで図鑑番号＋名称を確認できず。家具・収納等の未公開/未整備カテゴリを含む
1867,,,未特定,,,,2026-08-23時点の公開攻略DBで図鑑番号＋名称を確認できず。家具・収納等の未公開/未整備カテゴリを含む
1868,,,未特定,,,,2026-08-23時点の公開攻略DBで図鑑番号＋名称を確認できず。家具・収納等の未公開/未整備カテゴリを含む
1869,,,未特定,,,,2026-08-23時点の公開攻略DBで図鑑番号＋名称を確認できず。家具・収納等の未公開/未整備カテゴリを含む
1870,,,未特定,,,,2026-08-23時点の公開攻略DBで図鑑番号＋名称を確認できず。家具・収納等の未公開/未整備カテゴリを含む
1871,,,未特定,,,,2026-08-23時点の公開攻略DBで図鑑番号＋名称を確認できず。家具・収納等の未公開/未整備カテゴリを含む
1872,,,未特定,,,,2026-08-23時点の公開攻略DBで図鑑番号＋名称を確認できず。家具・収納等の未公開/未整備カテゴリを含む
1873,,,未特定,,,,2026-08-23時点の公開攻略DBで図鑑番号＋名称を確認できず。家具・収納等の未公開/未整備カテゴリを含む
1874,,,未特定,,,,2026-08-23時点の公開攻略DBで図鑑番号＋名称を確認できず。家具・収納等の未公開/未整備カテゴリを含む
1875,,,未特定,,,,2026-08-23時点の公開攻略DBで図鑑番号＋名称を確認できず。家具・収納等の未公開/未整備カテゴリを含む
1876,,,未特定,,,,2026-08-23時点の公開攻略DBで図鑑番号＋名称を確認できず。家具・収納等の未公開/未整備カテゴリを含む
1877,,,未特定,,,,2026-08-23時点の公開攻略DBで図鑑番号＋名称を確認できず。家具・収納等の未公開/未整備カテゴリを含む
1878,,,未特定,,,,2026-08-23時点の公開攻略DBで図鑑番号＋名称を確認できず。家具・収納等の未公開/未整備カテゴリを含む
1879,,,未特定,,,,2026-08-23時点の公開攻略DBで図鑑番号＋名称を確認できず。家具・収納等の未公開/未整備カテゴリを含む
1880,,,未特定,,,,2026-08-23時点の公開攻略DBで図鑑番号＋名称を確認できず。家具・収納等の未公開/未整備カテゴリを含む
1881,,,未特定,,,,2026-08-23時点の公開攻略DBで図鑑番号＋名称を確認できず。家具・収納等の未公開/未整備カテゴリを含む
1882,,,未特定,,,,2026-08-23時点の公開攻略DBで図鑑番号＋名称を確認できず。家具・収納等の未公開/未整備カテゴリを含む
1883,,,未特定,,,,2026-08-23時点の公開攻略DBで図鑑番号＋名称を確認できず。家具・収納等の未公開/未整備カテゴリを含む
1884,,,未特定,,,,2026-08-23時点の公開攻略DBで図鑑番号＋名称を確認できず。家具・収納等の未公開/未整備カテゴリを含む
1885,,,未特定,,,,2026-08-23時点の公開攻略DBで図鑑番号＋名称を確認できず。家具・収納等の未公開/未整備カテゴリを含む
1886,,,未特定,,,,2026-08-23時点の公開攻略DBで図鑑番号＋名称を確認できず。家具・収納等の未公開/未整備カテゴリを含む
1887,,,未特定,,,,2026-08-23時点の公開攻略DBで図鑑番号＋名称を確認できず。家具・収納等の未公開/未整備カテゴリを含む
1888,,,未特定,,,,2026-08-23時点の公開攻略DBで図鑑番号＋名称を確認できず。家具・収納等の未公開/未整備カテゴリを含む
1889,,,未特定,,,,2026-08-23時点の公開攻略DBで図鑑番号＋名称を確認できず。家具・収納等の未公開/未整備カテゴリを含む
1890,,,未特定,,,,2026-08-23時点の公開攻略DBで図鑑番号＋名称を確認できず。家具・収納等の未公開/未整備カテゴリを含む
1891,,,未特定,,,,2026-08-23時点の公開攻略DBで図鑑番号＋名称を確認できず。家具・収納等の未公開/未整備カテゴリを含む
1892,,,未特定,,,,2026-08-23時点の公開攻略DBで図鑑番号＋名称を確認できず。家具・収納等の未公開/未整備カテゴリを含む
1893,,,未特定,,,,2026-08-23時点の公開攻略DBで図鑑番号＋名称を確認できず。家具・収納等の未公開/未整備カテゴリを含む
1894,,,未特定,,,,2026-08-23時点の公開攻略DBで図鑑番号＋名称を確認できず。家具・収納等の未公開/未整備カテゴリを含む
1895,,,未特定,,,,2026-08-23時点の公開攻略DBで図鑑番号＋名称を確認できず。家具・収納等の未公開/未整備カテゴリを含む
1896,,,未特定,,,,2026-08-23時点の公開攻略DBで図鑑番号＋名称を確認できず。家具・収納等の未公開/未整備カテゴリを含む
1897,,,未特定,,,,2026-08-23時点の公開攻略DBで図鑑番号＋名称を確認できず。家具・収納等の未公開/未整備カテゴリを含む
1898,,,未特定,,,,2026-08-23時点の公開攻略DBで図鑑番号＋名称を確認できず。家具・収納等の未公開/未整備カテゴリを含む
1899,,,未特定,,,,2026-08-23時点の公開攻略DBで図鑑番号＋名称を確認できず。家具・収納等の未公開/未整備カテゴリを含む
1900,,,未特定,,,,2026-08-23時点の公開攻略DBで図鑑番号＋名称を確認できず。家具・収納等の未公開/未整備カテゴリを含む
1901,,,未特定,,,,2026-08-23時点の公開攻略DBで図鑑番号＋名称を確認できず。家具・収納等の未公開/未整備カテゴリを含む
1902,,,未特定,,,,2026-08-23時点の公開攻略DBで図鑑番号＋名称を確認できず。家具・収納等の未公開/未整備カテゴリを含む
1903,,,未特定,,,,2026-08-23時点の公開攻略DBで図鑑番号＋名称を確認できず。家具・収納等の未公開/未整備カテゴリを含む
1904,,,未特定,,,,2026-08-23時点の公開攻略DBで図鑑番号＋名称を確認できず。家具・収納等の未公開/未整備カテゴリを含む
1905,,,未特定,,,,2026-08-23時点の公開攻略DBで図鑑番号＋名称を確認できず。家具・収納等の未公開/未整備カテゴリを含む
1906,,,未特定,,,,2026-08-23時点の公開攻略DBで図鑑番号＋名称を確認できず。家具・収納等の未公開/未整備カテゴリを含む
1907,,,未特定,,,,2026-08-23時点の公開攻略DBで図鑑番号＋名称を確認できず。家具・収納等の未公開/未整備カテゴリを含む
1908,,,未特定,,,,2026-08-23時点の公開攻略DBで図鑑番号＋名称を確認できず。家具・収納等の未公開/未整備カテゴリを含む
1909,,,未特定,,,,2026-08-23時点の公開攻略DBで図鑑番号＋名称を確認できず。家具・収納等の未公開/未整備カテゴリを含む
1910,,,未特定,,,,2026-08-23時点の公開攻略DBで図鑑番号＋名称を確認できず。家具・収納等の未公開/未整備カテゴリを含む
1911,,,未特定,,,,2026-08-23時点の公開攻略DBで図鑑番号＋名称を確認できず。家具・収納等の未公開/未整備カテゴリを含む
1912,,,未特定,,,,2026-08-23時点の公開攻略DBで図鑑番号＋名称を確認できず。家具・収納等の未公開/未整備カテゴリを含む
1913,,,未特定,,,,2026-08-23時点の公開攻略DBで図鑑番号＋名称を確認できず。家具・収納等の未公開/未整備カテゴリを含む
1914,,,未特定,,,,2026-08-23時点の公開攻略DBで図鑑番号＋名称を確認できず。家具・収納等の未公開/未整備カテゴリを含む
1915,,,未特定,,,,2026-08-23時点の公開攻略DBで図鑑番号＋名称を確認できず。家具・収納等の未公開/未整備カテゴリを含む
1916,,,未特定,,,,2026-08-23時点の公開攻略DBで図鑑番号＋名称を確認できず。家具・収納等の未公開/未整備カテゴリを含む
1917,,,未特定,,,,2026-08-23時点の公開攻略DBで図鑑番号＋名称を確認できず。家具・収納等の未公開/未整備カテゴリを含む
1918,,,未特定,,,,2026-08-23時点の公開攻略DBで図鑑番号＋名称を確認できず。家具・収納等の未公開/未整備カテゴリを含む
1919,,,未特定,,,,2026-08-23時点の公開攻略DBで図鑑番号＋名称を確認できず。家具・収納等の未公開/未整備カテゴリを含む
1920,,,未特定,,,,2026-08-23時点の公開攻略DBで図鑑番号＋名称を確認できず。家具・収納等の未公開/未整備カテゴリを含む
1921,,,未特定,,,,2026-08-23時点の公開攻略DBで図鑑番号＋名称を確認できず。家具・収納等の未公開/未整備カテゴリを含む
1922,,,未特定,,,,2026-08-23時点の公開攻略DBで図鑑番号＋名称を確認できず。家具・収納等の未公開/未整備カテゴリを含む
1923,,,未特定,,,,2026-08-23時点の公開攻略DBで図鑑番号＋名称を確認できず。家具・収納等の未公開/未整備カテゴリを含む
1924,,,未特定,,,,2026-08-23時点の公開攻略DBで図鑑番号＋名称を確認できず。家具・収納等の未公開/未整備カテゴリを含む
1925,,,未特定,,,,2026-08-23時点の公開攻略DBで図鑑番号＋名称を確認できず。家具・収納等の未公開/未整備カテゴリを含む
1926,,,未特定,,,,2026-08-23時点の公開攻略DBで図鑑番号＋名称を確認できず。家具・収納等の未公開/未整備カテゴリを含む
1927,,,未特定,,,,2026-08-23時点の公開攻略DBで図鑑番号＋名称を確認できず。家具・収納等の未公開/未整備カテゴリを含む
1928,,,未特定,,,,2026-08-23時点の公開攻略DBで図鑑番号＋名称を確認できず。家具・収納等の未公開/未整備カテゴリを含む
1929,,,未特定,,,,2026-08-23時点の公開攻略DBで図鑑番号＋名称を確認できず。家具・収納等の未公開/未整備カテゴリを含む
1930,,,未特定,,,,2026-08-23時点の公開攻略DBで図鑑番号＋名称を確認できず。家具・収納等の未公開/未整備カテゴリを含む
1931,,,未特定,,,,2026-08-23時点の公開攻略DBで図鑑番号＋名称を確認できず。家具・収納等の未公開/未整備カテゴリを含む
1932,,,未特定,,,,2026-08-23時点の公開攻略DBで図鑑番号＋名称を確認できず。家具・収納等の未公開/未整備カテゴリを含む
1933,,,未特定,,,,2026-08-23時点の公開攻略DBで図鑑番号＋名称を確認できず。家具・収納等の未公開/未整備カテゴリを含む
1934,,,未特定,,,,2026-08-23時点の公開攻略DBで図鑑番号＋名称を確認できず。家具・収納等の未公開/未整備カテゴリを含む
1935,,,未特定,,,,2026-08-23時点の公開攻略DBで図鑑番号＋名称を確認できず。家具・収納等の未公開/未整備カテゴリを含む
1936,,,未特定,,,,2026-08-23時点の公開攻略DBで図鑑番号＋名称を確認できず。家具・収納等の未公開/未整備カテゴリを含む
1937,,,未特定,,,,2026-08-23時点の公開攻略DBで図鑑番号＋名称を確認できず。家具・収納等の未公開/未整備カテゴリを含む
1938,,,未特定,,,,2026-08-23時点の公開攻略DBで図鑑番号＋名称を確認できず。家具・収納等の未公開/未整備カテゴリを含む
1939,,,未特定,,,,2026-08-23時点の公開攻略DBで図鑑番号＋名称を確認できず。家具・収納等の未公開/未整備カテゴリを含む
1940,,,未特定,,,,2026-08-23時点の公開攻略DBで図鑑番号＋名称を確認できず。家具・収納等の未公開/未整備カテゴリを含む
1941,,,未特定,,,,2026-08-23時点の公開攻略DBで図鑑番号＋名称を確認できず。家具・収納等の未公開/未整備カテゴリを含む
1942,,,未特定,,,,2026-08-23時点の公開攻略DBで図鑑番号＋名称を確認できず。家具・収納等の未公開/未整備カテゴリを含む
1943,,,未特定,,,,2026-08-23時点の公開攻略DBで図鑑番号＋名称を確認できず。家具・収納等の未公開/未整備カテゴリを含む
1944,,,未特定,,,,2026-08-23時点の公開攻略DBで図鑑番号＋名称を確認できず。家具・収納等の未公開/未整備カテゴリを含む
1945,,,未特定,,,,2026-08-23時点の公開攻略DBで図鑑番号＋名称を確認できず。家具・収納等の未公開/未整備カテゴリを含む
1946,,,未特定,,,,2026-08-23時点の公開攻略DBで図鑑番号＋名称を確認できず。家具・収納等の未公開/未整備カテゴリを含む
1947,,,未特定,,,,2026-08-23時点の公開攻略DBで図鑑番号＋名称を確認できず。家具・収納等の未公開/未整備カテゴリを含む
1948,,,未特定,,,,2026-08-23時点の公開攻略DBで図鑑番号＋名称を確認できず。家具・収納等の未公開/未整備カテゴリを含む
1949,,,未特定,,,,2026-08-23時点の公開攻略DBで図鑑番号＋名称を確認できず。家具・収納等の未公開/未整備カテゴリを含む
1950,,,未特定,,,,2026-08-23時点の公開攻略DBで図鑑番号＋名称を確認できず。家具・収納等の未公開/未整備カテゴリを含む
1951,,,未特定,,,,2026-08-23時点の公開攻略DBで図鑑番号＋名称を確認できず。家具・収納等の未公開/未整備カテゴリを含む
1952,,,未特定,,,,2026-08-23時点の公開攻略DBで図鑑番号＋名称を確認できず。家具・収納等の未公開/未整備カテゴリを含む
1953,,,未特定,,,,2026-08-23時点の公開攻略DBで図鑑番号＋名称を確認できず。家具・収納等の未公開/未整備カテゴリを含む
1954,,,未特定,,,,2026-08-23時点の公開攻略DBで図鑑番号＋名称を確認できず。家具・収納等の未公開/未整備カテゴリを含む
1955,,,未特定,,,,2026-08-23時点の公開攻略DBで図鑑番号＋名称を確認できず。家具・収納等の未公開/未整備カテゴリを含む
1956,,,未特定,,,,2026-08-23時点の公開攻略DBで図鑑番号＋名称を確認できず。家具・収納等の未公開/未整備カテゴリを含む
1957,,,未特定,,,,2026-08-23時点の公開攻略DBで図鑑番号＋名称を確認できず。家具・収納等の未公開/未整備カテゴリを含む
1958,,,未特定,,,,2026-08-23時点の公開攻略DBで図鑑番号＋名称を確認できず。家具・収納等の未公開/未整備カテゴリを含む
1959,,,未特定,,,,2026-08-23時点の公開攻略DBで図鑑番号＋名称を確認できず。家具・収納等の未公開/未整備カテゴリを含む
1960,,,未特定,,,,2026-08-23時点の公開攻略DBで図鑑番号＋名称を確認できず。家具・収納等の未公開/未整備カテゴリを含む
1961,,,未特定,,,,2026-08-23時点の公開攻略DBで図鑑番号＋名称を確認できず。家具・収納等の未公開/未整備カテゴリを含む
1962,,,未特定,,,,2026-08-23時点の公開攻略DBで図鑑番号＋名称を確認できず。家具・収納等の未公開/未整備カテゴリを含む
1963,,,未特定,,,,2026-08-23時点の公開攻略DBで図鑑番号＋名称を確認できず。家具・収納等の未公開/未整備カテゴリを含む
1964,,,未特定,,,,2026-08-23時点の公開攻略DBで図鑑番号＋名称を確認できず。家具・収納等の未公開/未整備カテゴリを含む
1965,,,未特定,,,,2026-08-23時点の公開攻略DBで図鑑番号＋名称を確認できず。家具・収納等の未公開/未整備カテゴリを含む
1966,,,未特定,,,,2026-08-23時点の公開攻略DBで図鑑番号＋名称を確認できず。家具・収納等の未公開/未整備カテゴリを含む
1967,,,未特定,,,,2026-08-23時点の公開攻略DBで図鑑番号＋名称を確認できず。家具・収納等の未公開/未整備カテゴリを含む
1968,,,未特定,,,,2026-08-23時点の公開攻略DBで図鑑番号＋名称を確認できず。家具・収納等の未公開/未整備カテゴリを含む
1969,,,未特定,,,,2026-08-23時点の公開攻略DBで図鑑番号＋名称を確認できず。家具・収納等の未公開/未整備カテゴリを含む
1970,,,未特定,,,,2026-08-23時点の公開攻略DBで図鑑番号＋名称を確認できず。家具・収納等の未公開/未整備カテゴリを含む
1971,,,未特定,,,,2026-08-23時点の公開攻略DBで図鑑番号＋名称を確認できず。家具・収納等の未公開/未整備カテゴリを含む
1972,,,未特定,,,,2026-08-23時点の公開攻略DBで図鑑番号＋名称を確認できず。家具・収納等の未公開/未整備カテゴリを含む
1973,,,未特定,,,,2026-08-23時点の公開攻略DBで図鑑番号＋名称を確認できず。家具・収納等の未公開/未整備カテゴリを含む
1974,,,未特定,,,,2026-08-23時点の公開攻略DBで図鑑番号＋名称を確認できず。家具・収納等の未公開/未整備カテゴリを含む
1975,,,未特定,,,,2026-08-23時点の公開攻略DBで図鑑番号＋名称を確認できず。家具・収納等の未公開/未整備カテゴリを含む
1976,,,未特定,,,,2026-08-23時点の公開攻略DBで図鑑番号＋名称を確認できず。家具・収納等の未公開/未整備カテゴリを含む
1977,,,未特定,,,,2026-08-23時点の公開攻略DBで図鑑番号＋名称を確認できず。家具・収納等の未公開/未整備カテゴリを含む
1978,,,未特定,,,,2026-08-23時点の公開攻略DBで図鑑番号＋名称を確認できず。家具・収納等の未公開/未整備カテゴリを含む
1979,,,未特定,,,,2026-08-23時点の公開攻略DBで図鑑番号＋名称を確認できず。家具・収納等の未公開/未整備カテゴリを含む
1980,,,未特定,,,,2026-08-23時点の公開攻略DBで図鑑番号＋名称を確認できず。家具・収納等の未公開/未整備カテゴリを含む
1981,,,未特定,,,,2026-08-23時点の公開攻略DBで図鑑番号＋名称を確認できず。家具・収納等の未公開/未整備カテゴリを含む
1982,,,未特定,,,,2026-08-23時点の公開攻略DBで図鑑番号＋名称を確認できず。家具・収納等の未公開/未整備カテゴリを含む
1983,,,未特定,,,,2026-08-23時点の公開攻略DBで図鑑番号＋名称を確認できず。家具・収納等の未公開/未整備カテゴリを含む
1984,,,未特定,,,,2026-08-23時点の公開攻略DBで図鑑番号＋名称を確認できず。家具・収納等の未公開/未整備カテゴリを含む
1985,,,未特定,,,,2026-08-23時点の公開攻略DBで図鑑番号＋名称を確認できず。家具・収納等の未公開/未整備カテゴリを含む
1986,,,未特定,,,,2026-08-23時点の公開攻略DBで図鑑番号＋名称を確認できず。家具・収納等の未公開/未整備カテゴリを含む
1987,,,未特定,,,,2026-08-23時点の公開攻略DBで図鑑番号＋名称を確認できず。家具・収納等の未公開/未整備カテゴリを含む
1988,,,未特定,,,,2026-08-23時点の公開攻略DBで図鑑番号＋名称を確認できず。家具・収納等の未公開/未整備カテゴリを含む
1989,,,未特定,,,,2026-08-23時点の公開攻略DBで図鑑番号＋名称を確認できず。家具・収納等の未公開/未整備カテゴリを含む
1990,,,未特定,,,,2026-08-23時点の公開攻略DBで図鑑番号＋名称を確認できず。家具・収納等の未公開/未整備カテゴリを含む
1991,,,未特定,,,,2026-08-23時点の公開攻略DBで図鑑番号＋名称を確認できず。家具・収納等の未公開/未整備カテゴリを含む
1992,,,未特定,,,,2026-08-23時点の公開攻略DBで図鑑番号＋名称を確認できず。家具・収納等の未公開/未整備カテゴリを含む
1993,,,未特定,,,,2026-08-23時点の公開攻略DBで図鑑番号＋名称を確認できず。家具・収納等の未公開/未整備カテゴリを含む
1994,,,未特定,,,,2026-08-23時点の公開攻略DBで図鑑番号＋名称を確認できず。家具・収納等の未公開/未整備カテゴリを含む
1995,,,未特定,,,,2026-08-23時点の公開攻略DBで図鑑番号＋名称を確認できず。家具・収納等の未公開/未整備カテゴリを含む
1996,,,未特定,,,,2026-08-23時点の公開攻略DBで図鑑番号＋名称を確認できず。家具・収納等の未公開/未整備カテゴリを含む
1997,,,未特定,,,,2026-08-23時点の公開攻略DBで図鑑番号＋名称を確認できず。家具・収納等の未公開/未整備カテゴリを含む
1998,,,未特定,,,,2026-08-23時点の公開攻略DBで図鑑番号＋名称を確認できず。家具・収納等の未公開/未整備カテゴリを含む
1999,,,未特定,,,,2026-08-23時点の公開攻略DBで図鑑番号＋名称を確認できず。家具・収納等の未公開/未整備カテゴリを含む
2000,,,未特定,,,,2026-08-23時点の公開攻略DBで図鑑番号＋名称を確認できず。家具・収納等の未公開/未整備カテゴリを含む
2001,,,未特定,,,,2026-08-23時点の公開攻略DBで図鑑番号＋名称を確認できず。家具・収納等の未公開/未整備カテゴリを含む
2002,,,未特定,,,,2026-08-23時点の公開攻略DBで図鑑番号＋名称を確認できず。家具・収納等の未公開/未整備カテゴリを含む
2003,,,未特定,,,,2026-08-23時点の公開攻略DBで図鑑番号＋名称を確認できず。家具・収納等の未公開/未整備カテゴリを含む
2004,,,未特定,,,,2026-08-23時点の公開攻略DBで図鑑番号＋名称を確認できず。家具・収納等の未公開/未整備カテゴリを含む
2005,,,未特定,,,,2026-08-23時点の公開攻略DBで図鑑番号＋名称を確認できず。家具・収納等の未公開/未整備カテゴリを含む
2006,,,未特定,,,,2026-08-23時点の公開攻略DBで図鑑番号＋名称を確認できず。家具・収納等の未公開/未整備カテゴリを含む
2007,,,未特定,,,,2026-08-23時点の公開攻略DBで図鑑番号＋名称を確認できず。家具・収納等の未公開/未整備カテゴリを含む
2008,,,未特定,,,,2026-08-23時点の公開攻略DBで図鑑番号＋名称を確認できず。家具・収納等の未公開/未整備カテゴリを含む
2009,,,未特定,,,,2026-08-23時点の公開攻略DBで図鑑番号＋名称を確認できず。家具・収納等の未公開/未整備カテゴリを含む
2010,,,未特定,,,,2026-08-23時点の公開攻略DBで図鑑番号＋名称を確認できず。家具・収納等の未公開/未整備カテゴリを含む
2011,,,未特定,,,,2026-08-23時点の公開攻略DBで図鑑番号＋名称を確認できず。家具・収納等の未公開/未整備カテゴリを含む
2012,,,未特定,,,,2026-08-23時点の公開攻略DBで図鑑番号＋名称を確認できず。家具・収納等の未公開/未整備カテゴリを含む
2013,,,未特定,,,,2026-08-23時点の公開攻略DBで図鑑番号＋名称を確認できず。家具・収納等の未公開/未整備カテゴリを含む
2014,,,未特定,,,,2026-08-23時点の公開攻略DBで図鑑番号＋名称を確認できず。家具・収納等の未公開/未整備カテゴリを含む
2015,,,未特定,,,,2026-08-23時点の公開攻略DBで図鑑番号＋名称を確認できず。家具・収納等の未公開/未整備カテゴリを含む
2016,,,未特定,,,,2026-08-23時点の公開攻略DBで図鑑番号＋名称を確認できず。家具・収納等の未公開/未整備カテゴリを含む
2017,,,未特定,,,,2026-08-23時点の公開攻略DBで図鑑番号＋名称を確認できず。家具・収納等の未公開/未整備カテゴリを含む
2018,,,未特定,,,,2026-08-23時点の公開攻略DBで図鑑番号＋名称を確認できず。家具・収納等の未公開/未整備カテゴリを含む
2019,,,未特定,,,,2026-08-23時点の公開攻略DBで図鑑番号＋名称を確認できず。家具・収納等の未公開/未整備カテゴリを含む
2020,,,未特定,,,,2026-08-23時点の公開攻略DBで図鑑番号＋名称を確認できず。家具・収納等の未公開/未整備カテゴリを含む
2021,,,未特定,,,,2026-08-23時点の公開攻略DBで図鑑番号＋名称を確認できず。家具・収納等の未公開/未整備カテゴリを含む
2022,,,未特定,,,,2026-08-23時点の公開攻略DBで図鑑番号＋名称を確認できず。家具・収納等の未公開/未整備カテゴリを含む
2023,,,未特定,,,,2026-08-23時点の公開攻略DBで図鑑番号＋名称を確認できず。家具・収納等の未公開/未整備カテゴリを含む
2024,,,未特定,,,,2026-08-23時点の公開攻略DBで図鑑番号＋名称を確認できず。家具・収納等の未公開/未整備カテゴリを含む
2025,,,未特定,,,,2026-08-23時点の公開攻略DBで図鑑番号＋名称を確認できず。家具・収納等の未公開/未整備カテゴリを含む
2026,,,未特定,,,,2026-08-23時点の公開攻略DBで図鑑番号＋名称を確認できず。家具・収納等の未公開/未整備カテゴリを含む
2027,,,未特定,,,,2026-08-23時点の公開攻略DBで図鑑番号＋名称を確認できず。家具・収納等の未公開/未整備カテゴリを含む
2028,,,未特定,,,,2026-08-23時点の公開攻略DBで図鑑番号＋名称を確認できず。家具・収納等の未公開/未整備カテゴリを含む
2029,,,未特定,,,,2026-08-23時点の公開攻略DBで図鑑番号＋名称を確認できず。家具・収納等の未公開/未整備カテゴリを含む
2030,,,未特定,,,,2026-08-23時点の公開攻略DBで図鑑番号＋名称を確認できず。家具・収納等の未公開/未整備カテゴリを含む
2031,,,未特定,,,,2026-08-23時点の公開攻略DBで図鑑番号＋名称を確認できず。家具・収納等の未公開/未整備カテゴリを含む
2032,,,未特定,,,,2026-08-23時点の公開攻略DBで図鑑番号＋名称を確認できず。家具・収納等の未公開/未整備カテゴリを含む
2033,,,未特定,,,,2026-08-23時点の公開攻略DBで図鑑番号＋名称を確認できず。家具・収納等の未公開/未整備カテゴリを含む
2034,,,未特定,,,,2026-08-23時点の公開攻略DBで図鑑番号＋名称を確認できず。家具・収納等の未公開/未整備カテゴリを含む
2035,,,未特定,,,,2026-08-23時点の公開攻略DBで図鑑番号＋名称を確認できず。家具・収納等の未公開/未整備カテゴリを含む
2036,,,未特定,,,,2026-08-23時点の公開攻略DBで図鑑番号＋名称を確認できず。家具・収納等の未公開/未整備カテゴリを含む
2037,,,未特定,,,,2026-08-23時点の公開攻略DBで図鑑番号＋名称を確認できず。家具・収納等の未公開/未整備カテゴリを含む
2038,,,未特定,,,,2026-08-23時点の公開攻略DBで図鑑番号＋名称を確認できず。家具・収納等の未公開/未整備カテゴリを含む
2039,,,未特定,,,,2026-08-23時点の公開攻略DBで図鑑番号＋名称を確認できず。家具・収納等の未公開/未整備カテゴリを含む
2040,,,未特定,,,,2026-08-23時点の公開攻略DBで図鑑番号＋名称を確認できず。家具・収納等の未公開/未整備カテゴリを含む
2041,,,未特定,,,,2026-08-23時点の公開攻略DBで図鑑番号＋名称を確認できず。家具・収納等の未公開/未整備カテゴリを含む
2042,,,未特定,,,,2026-08-23時点の公開攻略DBで図鑑番号＋名称を確認できず。家具・収納等の未公開/未整備カテゴリを含む
2043,,,未特定,,,,2026-08-23時点の公開攻略DBで図鑑番号＋名称を確認できず。家具・収納等の未公開/未整備カテゴリを含む
2044,,,未特定,,,,2026-08-23時点の公開攻略DBで図鑑番号＋名称を確認できず。家具・収納等の未公開/未整備カテゴリを含む
2045,,,未特定,,,,2026-08-23時点の公開攻略DBで図鑑番号＋名称を確認できず。家具・収納等の未公開/未整備カテゴリを含む
2046,,,未特定,,,,2026-08-23時点の公開攻略DBで図鑑番号＋名称を確認できず。家具・収納等の未公開/未整備カテゴリを含む
2047,,,未特定,,,,2026-08-23時点の公開攻略DBで図鑑番号＋名称を確認できず。家具・収納等の未公開/未整備カテゴリを含む
2048,,,未特定,,,,2026-08-23時点の公開攻略DBで図鑑番号＋名称を確認できず。家具・収納等の未公開/未整備カテゴリを含む
2049,,,未特定,,,,2026-08-23時点の公開攻略DBで図鑑番号＋名称を確認できず。家具・収納等の未公開/未整備カテゴリを含む
2050,,,未特定,,,,2026-08-23時点の公開攻略DBで図鑑番号＋名称を確認できず。家具・収納等の未公開/未整備カテゴリを含む
2051,,,未特定,,,,2026-08-23時点の公開攻略DBで図鑑番号＋名称を確認できず。家具・収納等の未公開/未整備カテゴリを含む
2052,,,未特定,,,,2026-08-23時点の公開攻略DBで図鑑番号＋名称を確認できず。家具・収納等の未公開/未整備カテゴリを含む
2053,,,未特定,,,,2026-08-23時点の公開攻略DBで図鑑番号＋名称を確認できず。家具・収納等の未公開/未整備カテゴリを含む
2054,,,未特定,,,,2026-08-23時点の公開攻略DBで図鑑番号＋名称を確認できず。家具・収納等の未公開/未整備カテゴリを含む
2055,,,未特定,,,,2026-08-23時点の公開攻略DBで図鑑番号＋名称を確認できず。家具・収納等の未公開/未整備カテゴリを含む
2056,,,未特定,,,,2026-08-23時点の公開攻略DBで図鑑番号＋名称を確認できず。家具・収納等の未公開/未整備カテゴリを含む
2057,,,未特定,,,,2026-08-23時点の公開攻略DBで図鑑番号＋名称を確認できず。家具・収納等の未公開/未整備カテゴリを含む
2058,,,未特定,,,,2026-08-23時点の公開攻略DBで図鑑番号＋名称を確認できず。家具・収納等の未公開/未整備カテゴリを含む
2059,,,未特定,,,,2026-08-23時点の公開攻略DBで図鑑番号＋名称を確認できず。家具・収納等の未公開/未整備カテゴリを含む
2060,,,未特定,,,,2026-08-23時点の公開攻略DBで図鑑番号＋名称を確認できず。家具・収納等の未公開/未整備カテゴリを含む
2061,,,未特定,,,,2026-08-23時点の公開攻略DBで図鑑番号＋名称を確認できず。家具・収納等の未公開/未整備カテゴリを含む
2062,,,未特定,,,,2026-08-23時点の公開攻略DBで図鑑番号＋名称を確認できず。家具・収納等の未公開/未整備カテゴリを含む
2063,,,未特定,,,,2026-08-23時点の公開攻略DBで図鑑番号＋名称を確認できず。家具・収納等の未公開/未整備カテゴリを含む
2064,,,未特定,,,,2026-08-23時点の公開攻略DBで図鑑番号＋名称を確認できず。家具・収納等の未公開/未整備カテゴリを含む
2065,,,未特定,,,,2026-08-23時点の公開攻略DBで図鑑番号＋名称を確認できず。家具・収納等の未公開/未整備カテゴリを含む
2066,,,未特定,,,,2026-08-23時点の公開攻略DBで図鑑番号＋名称を確認できず。家具・収納等の未公開/未整備カテゴリを含む
2067,,,未特定,,,,2026-08-23時点の公開攻略DBで図鑑番号＋名称を確認できず。家具・収納等の未公開/未整備カテゴリを含む
2068,,,未特定,,,,2026-08-23時点の公開攻略DBで図鑑番号＋名称を確認できず。家具・収納等の未公開/未整備カテゴリを含む
2069,,,未特定,,,,2026-08-23時点の公開攻略DBで図鑑番号＋名称を確認できず。家具・収納等の未公開/未整備カテゴリを含む
2070,,,未特定,,,,2026-08-23時点の公開攻略DBで図鑑番号＋名称を確認できず。家具・収納等の未公開/未整備カテゴリを含む
2071,,,未特定,,,,2026-08-23時点の公開攻略DBで図鑑番号＋名称を確認できず。家具・収納等の未公開/未整備カテゴリを含む
2072,,,未特定,,,,2026-08-23時点の公開攻略DBで図鑑番号＋名称を確認できず。家具・収納等の未公開/未整備カテゴリを含む
2073,,,未特定,,,,2026-08-23時点の公開攻略DBで図鑑番号＋名称を確認できず。家具・収納等の未公開/未整備カテゴリを含む
2074,,,未特定,,,,2026-08-23時点の公開攻略DBで図鑑番号＋名称を確認できず。家具・収納等の未公開/未整備カテゴリを含む
2075,,,未特定,,,,2026-08-23時点の公開攻略DBで図鑑番号＋名称を確認できず。家具・収納等の未公開/未整備カテゴリを含む
2076,,,未特定,,,,2026-08-23時点の公開攻略DBで図鑑番号＋名称を確認できず。家具・収納等の未公開/未整備カテゴリを含む
2077,,,未特定,,,,2026-08-23時点の公開攻略DBで図鑑番号＋名称を確認できず。家具・収納等の未公開/未整備カテゴリを含む
2078,,,未特定,,,,2026-08-23時点の公開攻略DBで図鑑番号＋名称を確認できず。家具・収納等の未公開/未整備カテゴリを含む
2079,,,未特定,,,,2026-08-23時点の公開攻略DBで図鑑番号＋名称を確認できず。家具・収納等の未公開/未整備カテゴリを含む
2080,,,未特定,,,,2026-08-23時点の公開攻略DBで図鑑番号＋名称を確認できず。家具・収納等の未公開/未整備カテゴリを含む
2081,,,未特定,,,,2026-08-23時点の公開攻略DBで図鑑番号＋名称を確認できず。家具・収納等の未公開/未整備カテゴリを含む
2082,,,未特定,,,,2026-08-23時点の公開攻略DBで図鑑番号＋名称を確認できず。家具・収納等の未公開/未整備カテゴリを含む
2083,,,未特定,,,,2026-08-23時点の公開攻略DBで図鑑番号＋名称を確認できず。家具・収納等の未公開/未整備カテゴリを含む
2084,,,未特定,,,,2026-08-23時点の公開攻略DBで図鑑番号＋名称を確認できず。家具・収納等の未公開/未整備カテゴリを含む
2085,,,未特定,,,,2026-08-23時点の公開攻略DBで図鑑番号＋名称を確認できず。家具・収納等の未公開/未整備カテゴリを含む
2086,,,未特定,,,,2026-08-23時点の公開攻略DBで図鑑番号＋名称を確認できず。家具・収納等の未公開/未整備カテゴリを含む
2087,,,未特定,,,,2026-08-23時点の公開攻略DBで図鑑番号＋名称を確認できず。家具・収納等の未公開/未整備カテゴリを含む
2088,,,未特定,,,,2026-08-23時点の公開攻略DBで図鑑番号＋名称を確認できず。家具・収納等の未公開/未整備カテゴリを含む
2089,,,未特定,,,,2026-08-23時点の公開攻略DBで図鑑番号＋名称を確認できず。家具・収納等の未公開/未整備カテゴリを含む
2090,,,未特定,,,,2026-08-23時点の公開攻略DBで図鑑番号＋名称を確認できず。家具・収納等の未公開/未整備カテゴリを含む
2091,,,未特定,,,,2026-08-23時点の公開攻略DBで図鑑番号＋名称を確認できず。家具・収納等の未公開/未整備カテゴリを含む
2092,,,未特定,,,,2026-08-23時点の公開攻略DBで図鑑番号＋名称を確認できず。家具・収納等の未公開/未整備カテゴリを含む
2093,,,未特定,,,,2026-08-23時点の公開攻略DBで図鑑番号＋名称を確認できず。家具・収納等の未公開/未整備カテゴリを含む
2094,,,未特定,,,,2026-08-23時点の公開攻略DBで図鑑番号＋名称を確認できず。家具・収納等の未公開/未整備カテゴリを含む
2095,,,未特定,,,,2026-08-23時点の公開攻略DBで図鑑番号＋名称を確認できず。家具・収納等の未公開/未整備カテゴリを含む
2096,,,未特定,,,,2026-08-23時点の公開攻略DBで図鑑番号＋名称を確認できず。家具・収納等の未公開/未整備カテゴリを含む
2097,,,未特定,,,,2026-08-23時点の公開攻略DBで図鑑番号＋名称を確認できず。家具・収納等の未公開/未整備カテゴリを含む
2098,,,未特定,,,,2026-08-23時点の公開攻略DBで図鑑番号＋名称を確認できず。家具・収納等の未公開/未整備カテゴリを含む
2099,,,未特定,,,,2026-08-23時点の公開攻略DBで図鑑番号＋名称を確認できず。家具・収納等の未公開/未整備カテゴリを含む
2100,,,未特定,,,,2026-08-23時点の公開攻略DBで図鑑番号＋名称を確認できず。家具・収納等の未公開/未整備カテゴリを含む
2101,,,未特定,,,,2026-08-23時点の公開攻略DBで図鑑番号＋名称を確認できず。家具・収納等の未公開/未整備カテゴリを含む
2102,,,未特定,,,,2026-08-23時点の公開攻略DBで図鑑番号＋名称を確認できず。家具・収納等の未公開/未整備カテゴリを含む
2103,,,未特定,,,,2026-08-23時点の公開攻略DBで図鑑番号＋名称を確認できず。家具・収納等の未公開/未整備カテゴリを含む
2104,,,未特定,,,,2026-08-23時点の公開攻略DBで図鑑番号＋名称を確認できず。家具・収納等の未公開/未整備カテゴリを含む
2105,,,未特定,,,,2026-08-23時点の公開攻略DBで図鑑番号＋名称を確認できず。家具・収納等の未公開/未整備カテゴリを含む
2106,,,未特定,,,,2026-08-23時点の公開攻略DBで図鑑番号＋名称を確認できず。家具・収納等の未公開/未整備カテゴリを含む
2107,,,未特定,,,,2026-08-23時点の公開攻略DBで図鑑番号＋名称を確認できず。家具・収納等の未公開/未整備カテゴリを含む
2108,,,未特定,,,,2026-08-23時点の公開攻略DBで図鑑番号＋名称を確認できず。家具・収納等の未公開/未整備カテゴリを含む
2109,,,未特定,,,,2026-08-23時点の公開攻略DBで図鑑番号＋名称を確認できず。家具・収納等の未公開/未整備カテゴリを含む
2110,,,未特定,,,,2026-08-23時点の公開攻略DBで図鑑番号＋名称を確認できず。家具・収納等の未公開/未整備カテゴリを含む
2111,,,未特定,,,,2026-08-23時点の公開攻略DBで図鑑番号＋名称を確認できず。家具・収納等の未公開/未整備カテゴリを含む
2112,,,未特定,,,,2026-08-23時点の公開攻略DBで図鑑番号＋名称を確認できず。家具・収納等の未公開/未整備カテゴリを含む
2113,,,未特定,,,,2026-08-23時点の公開攻略DBで図鑑番号＋名称を確認できず。家具・収納等の未公開/未整備カテゴリを含む
2114,,,未特定,,,,2026-08-23時点の公開攻略DBで図鑑番号＋名称を確認できず。家具・収納等の未公開/未整備カテゴリを含む
2115,,,未特定,,,,2026-08-23時点の公開攻略DBで図鑑番号＋名称を確認できず。家具・収納等の未公開/未整備カテゴリを含む
2116,,,未特定,,,,2026-08-23時点の公開攻略DBで図鑑番号＋名称を確認できず。家具・収納等の未公開/未整備カテゴリを含む
2117,,,未特定,,,,2026-08-23時点の公開攻略DBで図鑑番号＋名称を確認できず。家具・収納等の未公開/未整備カテゴリを含む
2118,,,未特定,,,,2026-08-23時点の公開攻略DBで図鑑番号＋名称を確認できず。家具・収納等の未公開/未整備カテゴリを含む
2119,,,未特定,,,,2026-08-23時点の公開攻略DBで図鑑番号＋名称を確認できず。家具・収納等の未公開/未整備カテゴリを含む
2120,,,未特定,,,,2026-08-23時点の公開攻略DBで図鑑番号＋名称を確認できず。家具・収納等の未公開/未整備カテゴリを含む
2121,,,未特定,,,,2026-08-23時点の公開攻略DBで図鑑番号＋名称を確認できず。家具・収納等の未公開/未整備カテゴリを含む
2122,,,未特定,,,,2026-08-23時点の公開攻略DBで図鑑番号＋名称を確認できず。家具・収納等の未公開/未整備カテゴリを含む
2123,,,未特定,,,,2026-08-23時点の公開攻略DBで図鑑番号＋名称を確認できず。家具・収納等の未公開/未整備カテゴリを含む
2124,,,未特定,,,,2026-08-23時点の公開攻略DBで図鑑番号＋名称を確認できず。家具・収納等の未公開/未整備カテゴリを含む
2125,,,未特定,,,,2026-08-23時点の公開攻略DBで図鑑番号＋名称を確認できず。家具・収納等の未公開/未整備カテゴリを含む
2126,,,未特定,,,,2026-08-23時点の公開攻略DBで図鑑番号＋名称を確認できず。家具・収納等の未公開/未整備カテゴリを含む
2127,,,未特定,,,,2026-08-23時点の公開攻略DBで図鑑番号＋名称を確認できず。家具・収納等の未公開/未整備カテゴリを含む
2128,,,未特定,,,,2026-08-23時点の公開攻略DBで図鑑番号＋名称を確認できず。家具・収納等の未公開/未整備カテゴリを含む
2129,,,未特定,,,,2026-08-23時点の公開攻略DBで図鑑番号＋名称を確認できず。家具・収納等の未公開/未整備カテゴリを含む
2130,,,未特定,,,,2026-08-23時点の公開攻略DBで図鑑番号＋名称を確認できず。家具・収納等の未公開/未整備カテゴリを含む
2131,,,未特定,,,,2026-08-23時点の公開攻略DBで図鑑番号＋名称を確認できず。家具・収納等の未公開/未整備カテゴリを含む
2132,,,未特定,,,,2026-08-23時点の公開攻略DBで図鑑番号＋名称を確認できず。家具・収納等の未公開/未整備カテゴリを含む
2133,,,未特定,,,,2026-08-23時点の公開攻略DBで図鑑番号＋名称を確認できず。家具・収納等の未公開/未整備カテゴリを含む
2134,,,未特定,,,,2026-08-23時点の公開攻略DBで図鑑番号＋名称を確認できず。家具・収納等の未公開/未整備カテゴリを含む
2135,,,未特定,,,,2026-08-23時点の公開攻略DBで図鑑番号＋名称を確認できず。家具・収納等の未公開/未整備カテゴリを含む
2136,,,未特定,,,,2026-08-23時点の公開攻略DBで図鑑番号＋名称を確認できず。家具・収納等の未公開/未整備カテゴリを含む
2137,,,未特定,,,,2026-08-23時点の公開攻略DBで図鑑番号＋名称を確認できず。家具・収納等の未公開/未整備カテゴリを含む
2138,,,未特定,,,,2026-08-23時点の公開攻略DBで図鑑番号＋名称を確認できず。家具・収納等の未公開/未整備カテゴリを含む
2139,,,未特定,,,,2026-08-23時点の公開攻略DBで図鑑番号＋名称を確認できず。家具・収納等の未公開/未整備カテゴリを含む
2140,,,未特定,,,,2026-08-23時点の公開攻略DBで図鑑番号＋名称を確認できず。家具・収納等の未公開/未整備カテゴリを含む
2141,,,未特定,,,,2026-08-23時点の公開攻略DBで図鑑番号＋名称を確認できず。家具・収納等の未公開/未整備カテゴリを含む
2142,,,未特定,,,,2026-08-23時点の公開攻略DBで図鑑番号＋名称を確認できず。家具・収納等の未公開/未整備カテゴリを含む
2143,,,未特定,,,,2026-08-23時点の公開攻略DBで図鑑番号＋名称を確認できず。家具・収納等の未公開/未整備カテゴリを含む
2144,,,未特定,,,,2026-08-23時点の公開攻略DBで図鑑番号＋名称を確認できず。家具・収納等の未公開/未整備カテゴリを含む
2145,,,未特定,,,,2026-08-23時点の公開攻略DBで図鑑番号＋名称を確認できず。家具・収納等の未公開/未整備カテゴリを含む
2146,,,未特定,,,,2026-08-23時点の公開攻略DBで図鑑番号＋名称を確認できず。家具・収納等の未公開/未整備カテゴリを含む
2147,,,未特定,,,,2026-08-23時点の公開攻略DBで図鑑番号＋名称を確認できず。家具・収納等の未公開/未整備カテゴリを含む
2148,,,未特定,,,,2026-08-23時点の公開攻略DBで図鑑番号＋名称を確認できず。家具・収納等の未公開/未整備カテゴリを含む
2149,,,未特定,,,,2026-08-23時点の公開攻略DBで図鑑番号＋名称を確認できず。家具・収納等の未公開/未整備カテゴリを含む
2150,,,未特定,,,,2026-08-23時点の公開攻略DBで図鑑番号＋名称を確認できず。家具・収納等の未公開/未整備カテゴリを含む
2151,,,未特定,,,,2026-08-23時点の公開攻略DBで図鑑番号＋名称を確認できず。家具・収納等の未公開/未整備カテゴリを含む
2152,,,未特定,,,,2026-08-23時点の公開攻略DBで図鑑番号＋名称を確認できず。家具・収納等の未公開/未整備カテゴリを含む
2153,,,未特定,,,,2026-08-23時点の公開攻略DBで図鑑番号＋名称を確認できず。家具・収納等の未公開/未整備カテゴリを含む
2154,,,未特定,,,,2026-08-23時点の公開攻略DBで図鑑番号＋名称を確認できず。家具・収納等の未公開/未整備カテゴリを含む
2155,,,未特定,,,,2026-08-23時点の公開攻略DBで図鑑番号＋名称を確認できず。家具・収納等の未公開/未整備カテゴリを含む
2156,,,未特定,,,,2026-08-23時点の公開攻略DBで図鑑番号＋名称を確認できず。家具・収納等の未公開/未整備カテゴリを含む
2157,,,未特定,,,,2026-08-23時点の公開攻略DBで図鑑番号＋名称を確認できず。家具・収納等の未公開/未整備カテゴリを含む
2158,,,未特定,,,,2026-08-23時点の公開攻略DBで図鑑番号＋名称を確認できず。家具・収納等の未公開/未整備カテゴリを含む
2159,,,未特定,,,,2026-08-23時点の公開攻略DBで図鑑番号＋名称を確認できず。家具・収納等の未公開/未整備カテゴリを含む
2160,,,未特定,,,,2026-08-23時点の公開攻略DBで図鑑番号＋名称を確認できず。家具・収納等の未公開/未整備カテゴリを含む
2161,,,未特定,,,,2026-08-23時点の公開攻略DBで図鑑番号＋名称を確認できず。家具・収納等の未公開/未整備カテゴリを含む
2162,,,未特定,,,,2026-08-23時点の公開攻略DBで図鑑番号＋名称を確認できず。家具・収納等の未公開/未整備カテゴリを含む
2163,,,未特定,,,,2026-08-23時点の公開攻略DBで図鑑番号＋名称を確認できず。家具・収納等の未公開/未整備カテゴリを含む
2164,,,未特定,,,,2026-08-23時点の公開攻略DBで図鑑番号＋名称を確認できず。家具・収納等の未公開/未整備カテゴリを含む
2165,,,未特定,,,,2026-08-23時点の公開攻略DBで図鑑番号＋名称を確認できず。家具・収納等の未公開/未整備カテゴリを含む
2166,,,未特定,,,,2026-08-23時点の公開攻略DBで図鑑番号＋名称を確認できず。家具・収納等の未公開/未整備カテゴリを含む
2167,,,未特定,,,,2026-08-23時点の公開攻略DBで図鑑番号＋名称を確認できず。家具・収納等の未公開/未整備カテゴリを含む
2168,,,未特定,,,,2026-08-23時点の公開攻略DBで図鑑番号＋名称を確認できず。家具・収納等の未公開/未整備カテゴリを含む
2169,,,未特定,,,,2026-08-23時点の公開攻略DBで図鑑番号＋名称を確認できず。家具・収納等の未公開/未整備カテゴリを含む
2170,,,未特定,,,,2026-08-23時点の公開攻略DBで図鑑番号＋名称を確認できず。家具・収納等の未公開/未整備カテゴリを含む
2171,,,未特定,,,,2026-08-23時点の公開攻略DBで図鑑番号＋名称を確認できず。家具・収納等の未公開/未整備カテゴリを含む
2172,,,未特定,,,,2026-08-23時点の公開攻略DBで図鑑番号＋名称を確認できず。家具・収納等の未公開/未整備カテゴリを含む
2173,,,未特定,,,,2026-08-23時点の公開攻略DBで図鑑番号＋名称を確認できず。家具・収納等の未公開/未整備カテゴリを含む
2174,,,未特定,,,,2026-08-23時点の公開攻略DBで図鑑番号＋名称を確認できず。家具・収納等の未公開/未整備カテゴリを含む
2175,,,未特定,,,,2026-08-23時点の公開攻略DBで図鑑番号＋名称を確認できず。家具・収納等の未公開/未整備カテゴリを含む
2176,,,未特定,,,,2026-08-23時点の公開攻略DBで図鑑番号＋名称を確認できず。家具・収納等の未公開/未整備カテゴリを含む
2177,,,未特定,,,,2026-08-23時点の公開攻略DBで図鑑番号＋名称を確認できず。家具・収納等の未公開/未整備カテゴリを含む
2178,,,未特定,,,,2026-08-23時点の公開攻略DBで図鑑番号＋名称を確認できず。家具・収納等の未公開/未整備カテゴリを含む
2179,,,未特定,,,,2026-08-23時点の公開攻略DBで図鑑番号＋名称を確認できず。家具・収納等の未公開/未整備カテゴリを含む
2180,,,未特定,,,,2026-08-23時点の公開攻略DBで図鑑番号＋名称を確認できず。家具・収納等の未公開/未整備カテゴリを含む
2181,,,未特定,,,,2026-08-23時点の公開攻略DBで図鑑番号＋名称を確認できず。家具・収納等の未公開/未整備カテゴリを含む
2182,,,未特定,,,,2026-08-23時点の公開攻略DBで図鑑番号＋名称を確認できず。家具・収納等の未公開/未整備カテゴリを含む
2183,,,未特定,,,,2026-08-23時点の公開攻略DBで図鑑番号＋名称を確認できず。家具・収納等の未公開/未整備カテゴリを含む
2184,,,未特定,,,,2026-08-23時点の公開攻略DBで図鑑番号＋名称を確認できず。家具・収納等の未公開/未整備カテゴリを含む
2185,,,未特定,,,,2026-08-23時点の公開攻略DBで図鑑番号＋名称を確認できず。家具・収納等の未公開/未整備カテゴリを含む
2186,,,未特定,,,,2026-08-23時点の公開攻略DBで図鑑番号＋名称を確認できず。家具・収納等の未公開/未整備カテゴリを含む
2187,,,未特定,,,,2026-08-23時点の公開攻略DBで図鑑番号＋名称を確認できず。家具・収納等の未公開/未整備カテゴリを含む
2188,,,未特定,,,,2026-08-23時点の公開攻略DBで図鑑番号＋名称を確認できず。家具・収納等の未公開/未整備カテゴリを含む
2189,,,未特定,,,,2026-08-23時点の公開攻略DBで図鑑番号＋名称を確認できず。家具・収納等の未公開/未整備カテゴリを含む
2190,,,未特定,,,,2026-08-23時点の公開攻略DBで図鑑番号＋名称を確認できず。家具・収納等の未公開/未整備カテゴリを含む
2191,,,未特定,,,,2026-08-23時点の公開攻略DBで図鑑番号＋名称を確認できず。家具・収納等の未公開/未整備カテゴリを含む
2192,,,未特定,,,,2026-08-23時点の公開攻略DBで図鑑番号＋名称を確認できず。家具・収納等の未公開/未整備カテゴリを含む
2193,,,未特定,,,,2026-08-23時点の公開攻略DBで図鑑番号＋名称を確認できず。家具・収納等の未公開/未整備カテゴリを含む
2194,,,未特定,,,,2026-08-23時点の公開攻略DBで図鑑番号＋名称を確認できず。家具・収納等の未公開/未整備カテゴリを含む
2195,,,未特定,,,,2026-08-23時点の公開攻略DBで図鑑番号＋名称を確認できず。家具・収納等の未公開/未整備カテゴリを含む
2196,,,未特定,,,,2026-08-23時点の公開攻略DBで図鑑番号＋名称を確認できず。家具・収納等の未公開/未整備カテゴリを含む
2197,,,未特定,,,,2026-08-23時点の公開攻略DBで図鑑番号＋名称を確認できず。家具・収納等の未公開/未整備カテゴリを含む
2198,,,未特定,,,,2026-08-23時点の公開攻略DBで図鑑番号＋名称を確認できず。家具・収納等の未公開/未整備カテゴリを含む
2199,,,未特定,,,,2026-08-23時点の公開攻略DBで図鑑番号＋名称を確認できず。家具・収納等の未公開/未整備カテゴリを含む
2200,,,未特定,,,,2026-08-23時点の公開攻略DBで図鑑番号＋名称を確認できず。家具・収納等の未公開/未整備カテゴリを含む
2201,,,未特定,,,,2026-08-23時点の公開攻略DBで図鑑番号＋名称を確認できず。家具・収納等の未公開/未整備カテゴリを含む
2202,,,未特定,,,,2026-08-23時点の公開攻略DBで図鑑番号＋名称を確認できず。家具・収納等の未公開/未整備カテゴリを含む
2203,,,未特定,,,,2026-08-23時点の公開攻略DBで図鑑番号＋名称を確認できず。家具・収納等の未公開/未整備カテゴリを含む
2204,,,未特定,,,,2026-08-23時点の公開攻略DBで図鑑番号＋名称を確認できず。家具・収納等の未公開/未整備カテゴリを含む
2205,,,未特定,,,,2026-08-23時点の公開攻略DBで図鑑番号＋名称を確認できず。家具・収納等の未公開/未整備カテゴリを含む
2206,,,未特定,,,,2026-08-23時点の公開攻略DBで図鑑番号＋名称を確認できず。家具・収納等の未公開/未整備カテゴリを含む
2207,,,未特定,,,,2026-08-23時点の公開攻略DBで図鑑番号＋名称を確認できず。家具・収納等の未公開/未整備カテゴリを含む
2208,,,未特定,,,,2026-08-23時点の公開攻略DBで図鑑番号＋名称を確認できず。家具・収納等の未公開/未整備カテゴリを含む
2209,,,未特定,,,,2026-08-23時点の公開攻略DBで図鑑番号＋名称を確認できず。家具・収納等の未公開/未整備カテゴリを含む
2210,,,未特定,,,,2026-08-23時点の公開攻略DBで図鑑番号＋名称を確認できず。家具・収納等の未公開/未整備カテゴリを含む
2211,,,未特定,,,,2026-08-23時点の公開攻略DBで図鑑番号＋名称を確認できず。家具・収納等の未公開/未整備カテゴリを含む
2212,,,未特定,,,,2026-08-23時点の公開攻略DBで図鑑番号＋名称を確認できず。家具・収納等の未公開/未整備カテゴリを含む
2213,,,未特定,,,,2026-08-23時点の公開攻略DBで図鑑番号＋名称を確認できず。家具・収納等の未公開/未整備カテゴリを含む
2214,,,未特定,,,,2026-08-23時点の公開攻略DBで図鑑番号＋名称を確認できず。家具・収納等の未公開/未整備カテゴリを含む
2215,,,未特定,,,,2026-08-23時点の公開攻略DBで図鑑番号＋名称を確認できず。家具・収納等の未公開/未整備カテゴリを含む
2216,,,未特定,,,,2026-08-23時点の公開攻略DBで図鑑番号＋名称を確認できず。家具・収納等の未公開/未整備カテゴリを含む
2217,,,未特定,,,,2026-08-23時点の公開攻略DBで図鑑番号＋名称を確認できず。家具・収納等の未公開/未整備カテゴリを含む
2218,,,未特定,,,,2026-08-23時点の公開攻略DBで図鑑番号＋名称を確認できず。家具・収納等の未公開/未整備カテゴリを含む
2219,,,未特定,,,,2026-08-23時点の公開攻略DBで図鑑番号＋名称を確認できず。家具・収納等の未公開/未整備カテゴリを含む
2220,,,未特定,,,,2026-08-23時点の公開攻略DBで図鑑番号＋名称を確認できず。家具・収納等の未公開/未整備カテゴリを含む
2221,,,未特定,,,,2026-08-23時点の公開攻略DBで図鑑番号＋名称を確認できず。家具・収納等の未公開/未整備カテゴリを含む
2222,,,未特定,,,,2026-08-23時点の公開攻略DBで図鑑番号＋名称を確認できず。家具・収納等の未公開/未整備カテゴリを含む
2223,,,未特定,,,,2026-08-23時点の公開攻略DBで図鑑番号＋名称を確認できず。家具・収納等の未公開/未整備カテゴリを含む
2224,,,未特定,,,,2026-08-23時点の公開攻略DBで図鑑番号＋名称を確認できず。家具・収納等の未公開/未整備カテゴリを含む
2225,,,未特定,,,,2026-08-23時点の公開攻略DBで図鑑番号＋名称を確認できず。家具・収納等の未公開/未整備カテゴリを含む
2226,,,未特定,,,,2026-08-23時点の公開攻略DBで図鑑番号＋名称を確認できず。家具・収納等の未公開/未整備カテゴリを含む
2227,,,未特定,,,,2026-08-23時点の公開攻略DBで図鑑番号＋名称を確認できず。家具・収納等の未公開/未整備カテゴリを含む
2228,,,未特定,,,,2026-08-23時点の公開攻略DBで図鑑番号＋名称を確認できず。家具・収納等の未公開/未整備カテゴリを含む
2229,,,未特定,,,,2026-08-23時点の公開攻略DBで図鑑番号＋名称を確認できず。家具・収納等の未公開/未整備カテゴリを含む
2230,,,未特定,,,,2026-08-23時点の公開攻略DBで図鑑番号＋名称を確認できず。家具・収納等の未公開/未整備カテゴリを含む
2231,,,未特定,,,,2026-08-23時点の公開攻略DBで図鑑番号＋名称を確認できず。家具・収納等の未公開/未整備カテゴリを含む
2232,,,未特定,,,,2026-08-23時点の公開攻略DBで図鑑番号＋名称を確認できず。家具・収納等の未公開/未整備カテゴリを含む
2233,,,未特定,,,,2026-08-23時点の公開攻略DBで図鑑番号＋名称を確認できず。家具・収納等の未公開/未整備カテゴリを含む
2234,,,未特定,,,,2026-08-23時点の公開攻略DBで図鑑番号＋名称を確認できず。家具・収納等の未公開/未整備カテゴリを含む
2235,,,未特定,,,,2026-08-23時点の公開攻略DBで図鑑番号＋名称を確認できず。家具・収納等の未公開/未整備カテゴリを含む
2236,,,未特定,,,,2026-08-23時点の公開攻略DBで図鑑番号＋名称を確認できず。家具・収納等の未公開/未整備カテゴリを含む
2237,,,未特定,,,,2026-08-23時点の公開攻略DBで図鑑番号＋名称を確認できず。家具・収納等の未公開/未整備カテゴリを含む
2238,,,未特定,,,,2026-08-23時点の公開攻略DBで図鑑番号＋名称を確認できず。家具・収納等の未公開/未整備カテゴリを含む
2239,,,未特定,,,,2026-08-23時点の公開攻略DBで図鑑番号＋名称を確認できず。家具・収納等の未公開/未整備カテゴリを含む
2240,,,未特定,,,,2026-08-23時点の公開攻略DBで図鑑番号＋名称を確認できず。家具・収納等の未公開/未整備カテゴリを含む
2241,,,未特定,,,,2026-08-23時点の公開攻略DBで図鑑番号＋名称を確認できず。家具・収納等の未公開/未整備カテゴリを含む
2242,,,未特定,,,,2026-08-23時点の公開攻略DBで図鑑番号＋名称を確認できず。家具・収納等の未公開/未整備カテゴリを含む
2243,,,未特定,,,,2026-08-23時点の公開攻略DBで図鑑番号＋名称を確認できず。家具・収納等の未公開/未整備カテゴリを含む
2244,,,未特定,,,,2026-08-23時点の公開攻略DBで図鑑番号＋名称を確認できず。家具・収納等の未公開/未整備カテゴリを含む
2245,,,未特定,,,,2026-08-23時点の公開攻略DBで図鑑番号＋名称を確認できず。家具・収納等の未公開/未整備カテゴリを含む
2246,,,未特定,,,,2026-08-23時点の公開攻略DBで図鑑番号＋名称を確認できず。家具・収納等の未公開/未整備カテゴリを含む
2247,,,未特定,,,,2026-08-23時点の公開攻略DBで図鑑番号＋名称を確認できず。家具・収納等の未公開/未整備カテゴリを含む
2248,,,未特定,,,,2026-08-23時点の公開攻略DBで図鑑番号＋名称を確認できず。家具・収納等の未公開/未整備カテゴリを含む
2249,,,未特定,,,,2026-08-23時点の公開攻略DBで図鑑番号＋名称を確認できず。家具・収納等の未公開/未整備カテゴリを含む
2250,,,未特定,,,,2026-08-23時点の公開攻略DBで図鑑番号＋名称を確認できず。家具・収納等の未公開/未整備カテゴリを含む
2251,,,未特定,,,,2026-08-23時点の公開攻略DBで図鑑番号＋名称を確認できず。家具・収納等の未公開/未整備カテゴリを含む
2252,,,未特定,,,,2026-08-23時点の公開攻略DBで図鑑番号＋名称を確認できず。家具・収納等の未公開/未整備カテゴリを含む
2253,,,未特定,,,,2026-08-23時点の公開攻略DBで図鑑番号＋名称を確認できず。家具・収納等の未公開/未整備カテゴリを含む
2254,,,未特定,,,,2026-08-23時点の公開攻略DBで図鑑番号＋名称を確認できず。家具・収納等の未公開/未整備カテゴリを含む
2255,,,未特定,,,,2026-08-23時点の公開攻略DBで図鑑番号＋名称を確認できず。家具・収納等の未公開/未整備カテゴリを含む
2256,,,未特定,,,,2026-08-23時点の公開攻略DBで図鑑番号＋名称を確認できず。家具・収納等の未公開/未整備カテゴリを含む
2257,,,未特定,,,,2026-08-23時点の公開攻略DBで図鑑番号＋名称を確認できず。家具・収納等の未公開/未整備カテゴリを含む
2258,,,未特定,,,,2026-08-23時点の公開攻略DBで図鑑番号＋名称を確認できず。家具・収納等の未公開/未整備カテゴリを含む
2259,,,未特定,,,,2026-08-23時点の公開攻略DBで図鑑番号＋名称を確認できず。家具・収納等の未公開/未整備カテゴリを含む
2260,,,未特定,,,,2026-08-23時点の公開攻略DBで図鑑番号＋名称を確認できず。家具・収納等の未公開/未整備カテゴリを含む
2261,,,未特定,,,,2026-08-23時点の公開攻略DBで図鑑番号＋名称を確認できず。家具・収納等の未公開/未整備カテゴリを含む
2262,,,未特定,,,,2026-08-23時点の公開攻略DBで図鑑番号＋名称を確認できず。家具・収納等の未公開/未整備カテゴリを含む
2263,,,未特定,,,,2026-08-23時点の公開攻略DBで図鑑番号＋名称を確認できず。家具・収納等の未公開/未整備カテゴリを含む
2264,,,未特定,,,,2026-08-23時点の公開攻略DBで図鑑番号＋名称を確認できず。家具・収納等の未公開/未整備カテゴリを含む
2265,,,未特定,,,,2026-08-23時点の公開攻略DBで図鑑番号＋名称を確認できず。家具・収納等の未公開/未整備カテゴリを含む
2266,,,未特定,,,,2026-08-23時点の公開攻略DBで図鑑番号＋名称を確認できず。家具・収納等の未公開/未整備カテゴリを含む
2267,,,未特定,,,,2026-08-23時点の公開攻略DBで図鑑番号＋名称を確認できず。家具・収納等の未公開/未整備カテゴリを含む
2268,,,未特定,,,,2026-08-23時点の公開攻略DBで図鑑番号＋名称を確認できず。家具・収納等の未公開/未整備カテゴリを含む
2269,,,未特定,,,,2026-08-23時点の公開攻略DBで図鑑番号＋名称を確認できず。家具・収納等の未公開/未整備カテゴリを含む
2270,,,未特定,,,,2026-08-23時点の公開攻略DBで図鑑番号＋名称を確認できず。家具・収納等の未公開/未整備カテゴリを含む
2271,,,未特定,,,,2026-08-23時点の公開攻略DBで図鑑番号＋名称を確認できず。家具・収納等の未公開/未整備カテゴリを含む
2272,,,未特定,,,,2026-08-23時点の公開攻略DBで図鑑番号＋名称を確認できず。家具・収納等の未公開/未整備カテゴリを含む
2273,,,未特定,,,,2026-08-23時点の公開攻略DBで図鑑番号＋名称を確認できず。家具・収納等の未公開/未整備カテゴリを含む
2274,,,未特定,,,,2026-08-23時点の公開攻略DBで図鑑番号＋名称を確認できず。家具・収納等の未公開/未整備カテゴリを含む
2275,,,未特定,,,,2026-08-23時点の公開攻略DBで図鑑番号＋名称を確認できず。家具・収納等の未公開/未整備カテゴリを含む
2276,,,未特定,,,,2026-08-23時点の公開攻略DBで図鑑番号＋名称を確認できず。家具・収納等の未公開/未整備カテゴリを含む
2277,,,未特定,,,,2026-08-23時点の公開攻略DBで図鑑番号＋名称を確認できず。家具・収納等の未公開/未整備カテゴリを含む
2278,,,未特定,,,,2026-08-23時点の公開攻略DBで図鑑番号＋名称を確認できず。家具・収納等の未公開/未整備カテゴリを含む
2279,,,未特定,,,,2026-08-23時点の公開攻略DBで図鑑番号＋名称を確認できず。家具・収納等の未公開/未整備カテゴリを含む
2280,,,未特定,,,,2026-08-23時点の公開攻略DBで図鑑番号＋名称を確認できず。家具・収納等の未公開/未整備カテゴリを含む
2281,,,未特定,,,,2026-08-23時点の公開攻略DBで図鑑番号＋名称を確認できず。家具・収納等の未公開/未整備カテゴリを含む
2282,,,未特定,,,,2026-08-23時点の公開攻略DBで図鑑番号＋名称を確認できず。家具・収納等の未公開/未整備カテゴリを含む
2283,,,未特定,,,,2026-08-23時点の公開攻略DBで図鑑番号＋名称を確認できず。家具・収納等の未公開/未整備カテゴリを含む
2284,,,未特定,,,,2026-08-23時点の公開攻略DBで図鑑番号＋名称を確認できず。家具・収納等の未公開/未整備カテゴリを含む
2285,,,未特定,,,,2026-08-23時点の公開攻略DBで図鑑番号＋名称を確認できず。家具・収納等の未公開/未整備カテゴリを含む
2286,,,未特定,,,,2026-08-23時点の公開攻略DBで図鑑番号＋名称を確認できず。家具・収納等の未公開/未整備カテゴリを含む
2287,,,未特定,,,,2026-08-23時点の公開攻略DBで図鑑番号＋名称を確認できず。家具・収納等の未公開/未整備カテゴリを含む
2288,,,未特定,,,,2026-08-23時点の公開攻略DBで図鑑番号＋名称を確認できず。家具・収納等の未公開/未整備カテゴリを含む
2289,,,未特定,,,,2026-08-23時点の公開攻略DBで図鑑番号＋名称を確認できず。家具・収納等の未公開/未整備カテゴリを含む
2290,,,未特定,,,,2026-08-23時点の公開攻略DBで図鑑番号＋名称を確認できず。家具・収納等の未公開/未整備カテゴリを含む
2291,,,未特定,,,,2026-08-23時点の公開攻略DBで図鑑番号＋名称を確認できず。家具・収納等の未公開/未整備カテゴリを含む
2292,,,未特定,,,,2026-08-23時点の公開攻略DBで図鑑番号＋名称を確認できず。家具・収納等の未公開/未整備カテゴリを含む
2293,,,未特定,,,,2026-08-23時点の公開攻略DBで図鑑番号＋名称を確認できず。家具・収納等の未公開/未整備カテゴリを含む
2294,,,未特定,,,,2026-08-23時点の公開攻略DBで図鑑番号＋名称を確認できず。家具・収納等の未公開/未整備カテゴリを含む
2295,金魚鉢,小物,特定,,,,手入力
2296,キャットタワー,小物,特定,,,,手入力
2297,,,未特定,,,,2026-08-23時点の公開攻略DBで図鑑番号＋名称を確認できず。家具・収納等の未公開/未整備カテゴリを含む
2298,,,未特定,,,,2026-08-23時点の公開攻略DBで図鑑番号＋名称を確認できず。家具・収納等の未公開/未整備カテゴリを含む
2299,,,未特定,,,,2026-08-23時点の公開攻略DBで図鑑番号＋名称を確認できず。家具・収納等の未公開/未整備カテゴリを含む
2300,,,未特定,,,,2026-08-23時点の公開攻略DBで図鑑番号＋名称を確認できず。家具・収納等の未公開/未整備カテゴリを含む
2301,,,未特定,,,,2026-08-23時点の公開攻略DBで図鑑番号＋名称を確認できず。家具・収納等の未公開/未整備カテゴリを含む
2302,松,庭木,特定,,,,手入力
2303,,,未特定,,,,2026-08-23時点の公開攻略DBで図鑑番号＋名称を確認できず。家具・収納等の未公開/未整備カテゴリを含む
2304,,,未特定,,,,2026-08-23時点の公開攻略DBで図鑑番号＋名称を確認できず。家具・収納等の未公開/未整備カテゴリを含む
2305,お化け棚,夜家具,特定,,,,手入力
2306,目玉提灯,夜家具,特定,,,,手入力
2307,石碑,夜家具,特定,,,,手入力
2308,黒達磨,夜家具,特定,,,,手入力
2309,不気味な達磨,夜家具,特定,,,,手入力
2310,黒い結晶,夜家具,特定,,,,手入力
2311,黒曜石の数珠,夜家具,特定,,,,手入力
2312,壁掛け菅笠,夜家具,特定,,,,手入力
2313,黒い壁掛け菅笠,夜家具,特定,,,,手入力
2314,ツチノコ人形,夜家具,特定,,,,手入力
2315,泥の壺,夜家具,特定,,,,手入力
2316,,,未特定,,,,2026-08-23時点の公開攻略DBで図鑑番号＋名称を確認できず。家具・収納等の未公開/未整備カテゴリを含む
2317,,,未特定,,,,2026-08-23時点の公開攻略DBで図鑑番号＋名称を確認できず。家具・収納等の未公開/未整備カテゴリを含む
2318,,,未特定,,,,2026-08-23時点の公開攻略DBで図鑑番号＋名称を確認できず。家具・収納等の未公開/未整備カテゴリを含む
2319,,,未特定,,,,2026-08-23時点の公開攻略DBで図鑑番号＋名称を確認できず。家具・収納等の未公開/未整備カテゴリを含む
2320,風神の掛け軸,夜家具,特定,,,,手入力
2321,雷神の掛け軸,夜家具,特定,,,,手入力
2322,怪しい像,夜家具,特定,,,,手入力
2323,雪だるま,夜家具,特定,,,,手入力
2324,雪うさぎ,夜家具,特定,,,,手入力
2325,,,未特定,,,,2026-08-23時点の公開攻略DBで図鑑番号＋名称を確認できず。家具・収納等の未公開/未整備カテゴリを含む
2326,牛の頭蓋骨,夜家具,特定,,,,手入力
2327,日本人形,夜家具,特定,,,,手入力
2328,,,未特定,,,,2026-08-23時点の公開攻略DBで図鑑番号＋名称を確認できず。家具・収納等の未公開/未整備カテゴリを含む
2329,おスギのぬいぐるみ,夜家具,特定,,,,手入力
2330,鬼丸のぬいぐるみ,夜家具,特定,,,,手入力
2331,,,未特定,,,,2026-08-23時点の公開攻略DBで図鑑番号＋名称を確認できず。家具・収納等の未公開/未整備カテゴリを含む
2332,,,未特定,,,,2026-08-23時点の公開攻略DBで図鑑番号＋名称を確認できず。家具・収納等の未公開/未整備カテゴリを含む
2333,,,未特定,,,,2026-08-23時点の公開攻略DBで図鑑番号＋名称を確認できず。家具・収納等の未公開/未整備カテゴリを含む
2334,彼ヶ津村大全,夜家具,特定,,,,手入力
2335,,,未特定,,,,2026-08-23時点の公開攻略DBで図鑑番号＋名称を確認できず。家具・収納等の未公開/未整備カテゴリを含む
2336,,,未特定,,,,2026-08-23時点の公開攻略DBで図鑑番号＋名称を確認できず。家具・収納等の未公開/未整備カテゴリを含む
2337,狛狐の置物,呪物,特定,,,,手入力
2338,勾玉,呪物,特定,,,,手入力
2339,雨の勾玉,呪物,特定,,,,手入力
2340,ふたごの勾玉,呪物,特定,,,,手入力
2341,子どもの勾玉,呪物,特定,,,,手入力
2342,銅鏡,呪物,特定,,,,手入力
2343,剣,呪物,特定,,,,手入力
2344,達磨の木札,呪物,特定,,,,手入力
2345,手の目の木札,呪物,特定,,,,手入力
2346,百目の木札,呪物,特定,,,,手入力
2347,天狗の木札,呪物,特定,,,,手入力
2348,野槌の木札,呪物,特定,,,,手入力
2349,,,未特定,,,,2026-08-23時点の公開攻略DBで図鑑番号＋名称を確認できず。家具・収納等の未公開/未整備カテゴリを含む
2350,,,未特定,,,,2026-08-23時点の公開攻略DBで図鑑番号＋名称を確認できず。家具・収納等の未公開/未整備カテゴリを含む
2351,ヌシの鱗,呪物,特定,,,,手入力
2352,キツネの油揚げ,呪物,特定,,,,手入力
2353,赤い蝋燭,呪物,特定,,,,手入力
2354,青い蝋燭,呪物,特定,,,,手入力
2355,赤い破片,呪物,特定,,,,手入力
2356,青い破片,呪物,特定,,,,手入力
2357,真っ赤な携帯電話,呪物,特定,,,,手入力
2358,壊れた携帯電話,呪物,特定,,,,手入力
2359,頭のとれた日本人形,呪物,特定,,,,手入力
2360,日本人形の頭,呪物,特定,,,,手入力
2361,ネズミの古銭,呪物,特定,,,,手入力
2362,機械の部品,呪物,特定,,,,手入力
2363,桃の実の霊性,呪物,特定,,,,手入力
2364,イザナギの勅命,呪物,特定,,,,手入力
2365,彼ヶ津村のなりたち,呪物,特定,,,,手入力
2366,落ち延びた殿様,呪物,特定,,,,手入力
2367,災いを鎮めた人柱,呪物,特定,,,,手入力
2368,不審信者の末路,呪物,特定,,,,手入力
2369,眠りを誘う桃の香,呪物,特定,,,,手入力
2370,神、天より来る,呪物,特定,,,,手入力
2371,名もなき村の話,呪物,特定,,,,手入力
2372,半分に破れた本,呪物,特定,,,,手入力
2373,鬼の縞模様の布,呪物,特定,,,,手入力
2374,鬼の奇跡の歌,呪物,特定,,,,手入力
2375,鬼の岩切り蛇,呪物,特定,,,,手入力
2376,富をもたらすもの,呪物,特定,,,,手入力
2377,異形の背に消えし娘,呪物,特定,,,,手入力
2378,火事の新聞記事,呪物,特定,,,,手入力
2379,古い日記,呪物,特定,,,,手入力
2380,連続殺人の新聞記事,呪物,特定,,,,手入力
2381,夜鳴き牛,呪物,特定,,,,手入力
2382,ネズミの宝,呪物,特定,,,,手入力
2383,信心ぶかいキツネ,呪物,特定,,,,手入力
2384,愚か者の黄金,呪物,特定,,,,手入力
2385,池ノ主伝,呪物,特定,,,,手入力
2386,誘う灯火,呪物,特定,,,,手入力
2387,だるまさんの呼び声,呪物,特定,,,,手入力
2388,口伝「黒きもの」,呪物,特定,,,,手入力
2389,地に潜むヘビ,呪物,特定,,,,手入力
2390,命の火,呪物,特定,,,,手入力
2391,笠の化け物,呪物,特定,,,,手入力
2392,口伝「真白き女」,呪物,特定,,,,手入力
2393,幼き守り手,呪物,特定,,,,手入力
2394,神かくしの子,呪物,特定,,,,手入力
2395,遺言書,呪物,特定,,,,手入力
2396,鬼に誓った悪童,呪物,特定,,,,手入力
2397,風土病の報告書,呪物,特定,,,,手入力
2398,贄の儀式,呪物,特定,,,,手入力
2399,鬼への願い事,呪物,特定,,,,手入力
2400,見たぞの怪物,呪物,特定,,,,手入力
2401,ひとつ目のダルマ,呪物,特定,,,,手入力
2402,黒いモヤの話,呪物,特定,,,,手入力
2403,大地をうねる大蛇,呪物,特定,,,,手入力
2404,仮面のロウソク売り,呪物,特定,,,,手入力
2405,地蔵と雨の怪,呪物,特定,,,,手入力
2406,雪夜の女と赤子,呪物,特定,,,,手入力
2407,風神と雷神と亀,呪物,特定,,,,手入力
2408,地より出でし神,呪物,特定,,,,手入力
2409,村長の日記,呪物,特定,,,,手入力
2410,大きなダイコン,呪物,特定,,,,手入力
2411,新たな掟、掲示,呪物,特定,,,,手入力
2412,ある娘の秘密,呪物,特定,,,,手入力
2413,帰れずの峠道,呪物,特定,,,,手入力
2414,新しい掟の掲示,呪物,特定,,,,手入力
2415,失ったもの,呪物,特定,,,,手入力
2416,願いをかなえた旅人,呪物,特定,,,,手入力
2417,夜ごとひびく足音,呪物,特定,,,,手入力
2418,空き缶,廃材,特定,,,,手入力
2419,ビニール袋,廃材,特定,,,,手入力
2420,水草,廃材,特定,,,,手入力
2421,小枝,廃材,特定,,,,手入力
2422,お手伝い券,重要品,特定,,,,手入力
2423,トウキ,重要品,特定,,,,手入力
2424,紫の花,重要品,特定,,,,手入力
2425,ミツバチ,重要品,特定,,,,手入力
2426,リンのお弁当,重要品,特定,,,,手入力
2427,ナゴの財布,重要品,特定,,,,手入力
2428,手持ち提灯,重要品,特定,,,,手入力
